Star,Teff,Lstar,logLacc
Sz65,4020,0.869,-2.58
Sz66,3410,0.216,-1.767
J15430131-3409153,,,
J15430227-3444059,,,
J15445789-3423392,2980,0.02,-4.073
J15450634-3417378,,,
J15450887-3417333,2920,0.059,-1.77
Sz68,4710,5.691,-1.158
Sz69,3085,0.087,-2.781
Sz71,3640,0.327,-2.173
Sz72,3560,0.272,-1.765
Sz73,4020,0.466,-0.954
Sz74,3300,1.152,-1.452
Sz75,4115,1.602,-0.655
Sz76,3190,0.172,-2.567
Sz77,4020,0.593,-1.667
Sz81A,3085,0.244,-2.448
J15560210-3655282,,,
Sz82,4210,2.514,-1.064
Sz83,4020,1.46,-0.258
Sz84,2980,0.139,-2.65
Sz129,4020,0.421,-1.138
J15592523-4235066,2980,0.02,-4.419
RYLup,4710,1.844,-0.856
J16000060-4221567,3085,0.097,-3.049
J16000236-4222145,3190,0.171,-2.94
J16002612-4153553,2920,0.078,-3.226
Sz130,3560,0.177,-2.145
MYLup,4870,0.86,-0.644
Sz131,3410,0.15,-2.338
J16011549-4152351,,,
EXLup,3900,0.731,-0.926
Sz133,4210,0.074,-1.752
Sz88A,3900,0.306,-1.404
Sz88B,3085,0.069,-3.303
J16070384-3911113,3085,0,-5.402
J16070854-3914075,,,
Sz90,4020,0.419,-1.79
Sz91,3720,0.2,-1.998
J16073773-3921388,2920,0.017,-3.681
Sz95,3410,0.267,-2.687
J16075475-3915446,,,
J16080017-3902595,2920,0.04,-3.883
J16080175-3912316,,,
Sz96,3720,0.416,-2.513
J16081497-3857145,2920,0.009,-3.643
Sz97,3190,0.109,-3.112
Sz98,4020,1.53,-0.709
Sz99,3190,0.049,-2.804
Sz100,2920,0.106,-3.205
J160828.1-391310,2815,0.046,-5.037
Sz102,4710,0.009,-2.202
Sz103,3190,0.116,-2.612
J16083070-3828268,4710,1.884,-2.009
Sz104,2980,0.065,-3.39
J160831.1-385600,,,
V856Sco,,,
V1094Sco,,,
Sz106,3810,0.057,-2.695
Sz108B,2980,0.1,-3.09
J16084940-3905393,3190,0.151,-3.095
V1192Sco,,,
Sz110,3190,0.175,-2.211
J16085324-3914401,3410,0.198,-3.274
J16085373-3914367,2920,0.003,-3.957
Sz111,3720,0.21,-2.399
J16085529-3848481,2815,0.048,-4.32
Sz112,2980,0.118,-3.395
Sz113,3085,0.038,-2.294
J16085828-3907355,,,
J16085834-3907491,,,
J16090141-3925119,3190,0.093,-3.197
Sz114,3022,0.196,-2.709
Sz115,3085,0.107,-2.921
J16091644-3904438,,,
J16092032-3904015,,,
J16092317-3904074,,,
J16092697-3836269,3085,0.069,-1.5
J160934.2-391513,,,
J16093928-3904316,,,
Sz117,3300,0.274,-2.308
Sz118,4210,0.698,-1.983
J16095628-3859518,2860,0.02,-4.309
J16100133-3906449,2815,0.173,-3.468
J16101307-3846165,,,
J16101857-3836125,2980,0.04,-3.99
J16101984-3836065,2815,0.04,-4.099
J16102741-3902299,,,
J16102955-3922144,3085,0.106,-3.394
Sz123B,3560,0.029,-2.902
Sz123A,3720,0.136,-1.98
J16115979-3823383,,,
J16120445-3809589,,,
J16124373-3815031,3720,0.39,-2.189
J16134410-3736462,2980,0.039,-2.497
AKC2006-18,2815,0.01,-4.583
J154518.5-342125,2815,0.04,-4.284
Lup706,2720,0.002,-4.938
SONYC-Lup3-7,2620,0.01,-4.816
SONYC-Lup3-10,2590,0.002,
J15354856-2958551,3085,0.036,-3.203
J15514032-2146103,3085,0.049,-3.485
J15521088-2125372,,,
J15530132-2114135,3085,0.047,-3.026
J15534211-2049282,3190,0.102,-2.566
J15551704-2322165,,,
J15554883-2512240,,,
J15562477-2225552,,,
J15570641-2206060,,,
J15572986-2258438,,,
J15581270-2328364,,,
J15582981-2310077,3085,0.045,-2.37
J15583692-2257153,4870,2.608,-0.491
J15584772-1757595,,,
J16001330-2418106,,,
J16001730-2236504,,,
J16001844-2230114,3085,0.088,-1.908
J16014086-2258103,3410,0.105,-1.285
J16014157-2111380,,,
J16020039-2221237,,,
J16020287-2236139,,,
J16020757-2257467,3560,0.08,-3.8
J16024152-2138245,2920,0.029,-2.87
J16025123-2401574,,,
J16030161-2207523,,,
J16031329-2112569,,,
J16032225-2413111,,,
J16035767-2031055,4115,0.481,-1.812
J16035793-1942108,3560,0.123,-5.151
J16041740-1942287,3410,0.127,-4.391
J16042165-2130284,4540,0.843,-3.196
J16043916-1942459,,,
J16050231-1941554,,,
J16052459-1954419,,,
J16052556-2035397,,,
J16052661-1957050,,,
J16053215-1933159,,,
J16054540-2023088,3085,0.091,-2.8
J16055863-1949029,,,
J16060061-1957114,,,
J16061330-2212537,,,
J16062196-1928445,3720,0.34,-1.296
J16062277-2011243,,,
J16063539-2516510,3085,0.029,-5.147
J16064102-2455489,,,
J16064115-2517044,,,
J16064385-1908056,4020,0.293,-2.292
J16070014-2033092,,,
J16070211-2019387,,,
J16070873-1927341,,,
J16071971-2020555,,,
J16072625-2432079,3410,0.184,-2.549
J16072747-2059442,,,
J16073939-1917472,,,
J16075796-2040087,,,
J16080555-2218070,,,
J16081566-2222199,3560,0.148,-3.698
J16082324-1930009,3900,0.319,-2.02
J16082751-1949047,2920,0.059,-3.109
J16083455-2211559,,,
J16084894-2400045,,,
J16090002-1908368,3085,0.048,-4.176
J16090075-1908526,3900,0.319,-1.69
J16093558-1828232,,,
J16094098-2217594,,,
J16095361-1754474,3085,0.04,-4.458
J16095441-1906551,,,
J16095933-1800090,,,
J16101473-1919095,,,
J16101888-2502325,,,
J16102174-1904067,,,
J16102819-1910444,,,
J16102857-1904469,,,
J16103956-1916524,,,
J16104202-2101319,,,
J16104636-1840598,3085,0.039,-3.99
J16111330-2019029,3300,0.029,-1.935
J16111534-1757214,,,
J16112057-1820549,,,
J16113134-1838259,,,
J16115091-2012098,,,
J16122737-2009596,,,
J16123916-1859284,3720,0.208,-2.302
J16124893-1800525,,,
J16125533-2319456,,,
J16130996-1904269,,,
J16133650-2503473,3410,0.109,-1.61
J16135434-2320342,3085,0.119,-2.285
J16141107-2305362,4375,1.049,-1.393
J16142029-1906481,,,
J16142893-1857224,,,
J16143367-1900133,3410,0.483,-2.775
J16145918-2750230,,,
J16145928-2459308,,,
J16151239-2420091,,,
J16153456-2242421,,,
J16154416-1921171,4020,0.363,-0.261
J16163345-2521505,,,
J16181618-2619080,,,
J16181904-2028479,2980,0.051,-3.377
J16215466-2043091,,,
J16220961-1953005,,,
J16230783-2300596,,,
J16235385-2946401,,,
J16270942-2148457,,,
J16303390-2428062,,,
J15555600-2045187,,,
J15560104-2338081,,,
J15591135-2338002,,,
J16024575-2304509,,,
J16060391-2056443,,,
J16100541-1919362,,,
J16193976-2145349,,,
J10533978-7712338,3560,0.021,-4.434
J10555973-7724399,4020,0.236,-1.127
J10561638-7630530,2815,0.114,-4.395
J10563044-7711393,4020,0.548,-2.131
J10574219-7659356,3410,0.746,-1.83
J10580597-7711501,2920,0.019,-4.937
J10581677-7717170,4710,1.649,-0.329
J10590108-7722407,4020,0.497,-1.539
J10590699-7701404,4870,4.367,-1.29
J11004022-7619280,3190,0.145,-2.283
J11022491-7733357,4710,2.045,-0.824
J11023265-7729129,3410,0.367,-3.664
J11025504-7721508,3085,0.199,-2
J11040425-7639328,3085,0.038,-3.74
J11040909-7627193,4210,2.114,0.5216
J11044258-7741571,3190,0.127,-3.64
J11045701-7715569,3410,0.41,-0.943
J11062554-7633418,2920,0.044,-3.892
J11062942-7724586,,,
J11063276-7625210,2815,0.022,-4.34
J11063945-7736052,2980,0.002,-98.86
J11064180-7635489,2980,0.073,-2.392
J11064510-7727023,4115,0.714,-1.358
J11065906-7718535,3085,0.439,-1.512
J11065939-7530559,2920,0.014,-4.096
J11070925-7718471,,,
J11071181-7625501,2920,0.016,-4.788
J11071206-7632232,3900,0.587,-1.308
J11071330-7743498,3190,0.098,-3.91
J11071860-7732516,2920,0.038,-4.004
J11072074-7738073,4870,7.115,-0.227
J11072825-7652118,3410,0.479,-1.57
J11074245-7733593,2920,0.056,-3.24
J11074366-7739411,3720,0.424,-0.82
J11074656-7615174,2815,0.009,-5.137
J11075730-7717262,,,
J11075792-7738449,4210,0.719,-0.877
J11075809-7742413,3410,0.22,-1.355
J11080002-7717304,4020,1.371,-3.079
J11080148-7742288,4020,2.312,-0.629
J11080297-7738425,3720,0.168,-1.86
J11081509-7733531,4870,1.776,-1.47
J11081850-7730408,2815,0.013,-5.035
J11082238-7730277,2920,0.042,-3.234
J11082570-7716396,,,
J11082650-7715550,2920,0.021,-4.178
J11083905-7716042,4020,0.464,-1.483
J11083952-7734166,2815,0.096,-3.721
J11085090-7625135,2920,0.043,-3.892
J11085367-7521359,3720,0.269,-0.909
J11085464-7702129,3810,0.183,-1.871
J11085497-7632410,2920,0.039,-3.785
J11091812-7630292,3900,0.329,-1.788
J11092266-7634320,3720,0.109,-2.034
J11092379-7623207,3810,0.784,-0.325
J11094260-7725578,,,
J11094621-7634463,3410,0.09,-2.254
J11094742-7726290,3720,0.142,-1.776
J11095215-7639128,2815,0.068,-3.811
J11095336-7728365,2920,0.018,-3.523
J11095340-7634255,4020,0.677,0.2069
J11095407-7629253,3720,0.154,-1.955
J11095873-7737088,3810,0.86,0.0341
J11100010-7634578,4870,3.778,0.7705
J11100369-7633291,3900,0.344,-2.273
J11100469-7635452,4020,0.495,-2.428
J11100704-7629376,4020,0.747,-1.441
J11100785-7727480,2920,0.058,-4.068
J11101141-7635292,4210,0.916,-2.296
J11103801-7732399,4375,2.678,-0.79
J11104141-7720480,2920,0.022,-2.929
J11104959-7717517,3560,0.204,-0.672
J11105333-7634319,3410,0.233,-0.976
J11105359-7725004,2980,0.051,-3.378
J11105597-7645325,2815,0.182,-3.089
J11111083-7641574,3720,0.004,-2.75
J11113965-7620152,3300,0.408,-0.662
J11114632-7620092,4710,1.476,-0.584
J11120351-7726009,2920,0.094,-3.187
J11120984-7634366,2980,0.202,-2.663
J11122441-7637064,4710,0.919,-0.629
J11122772-7644223,4870,3.663,-0.036
J11123092-7644241,3810,0.265,-0.677
J11124268-7722230,4870,3.539,-2.141
J11124861-7647066,3085,0.153,-2.909
J11132446-7629227,3190,0.155,-2.895
J11142454-7733062,3085,0.166,-2.262
J11160287-7624533,,,
J11173700-7704381,3810,0.585,-1.017
J11175211-7629392,3085,0.102,-4.224
J11183572-7935548,2980,0.366,-2.354
J11241186-7630425,2920,0.04,-3.777
J11432669-7804454,2920,0.127,-2.039
J162034.2-242613,,,
J162118.5-225458,,,
J162131.9-230140,,,
J162138.7-225328,,,
J162142.0-231343,,,
J162145.1-234232,,,
J162148.5-234027,,,
J162157.7-242943,,,
J162218.5-232148,,,
J162221.0-230402,,,
J162225.0-232955,,,
J162225.2-240514,,,
J162235.6-233734,,,
J162241.8-242538,,,
J162244.9-231713,,,
J162245.4-243124,,,
J162247.2-230013,,,
J162248.6-230218,,,
J162259.8-232635,,,
J162305.4-230257,,,
J162305.9-233818,,,
J162306.9-225737,,,
J162308.8-225743,,,
J162309.2-241705,,,
J162313.7-230358,,,
J162315.6-234300,,,
J162332.2-242554,,,
J162332.8-225847,,,
J162334.8-234030,,,
J162336.1-240221,,,
J162338.5-230545,,,
J162350.5-225838,,,
J162413.5-241822,,,
J162415.9-241115,,,
J162435.2-242620,3190,0.172,-98.74
J162452.3-250127,,,
J162453.0-250556,,,
J162459.8-245601,3300,0.278,-98.96
J162502.1-245932 b,3410,0.304,0.01
J162502.1-245932,3410,0.304,0.01
J162506.2-244657,2980,0.048,0.05
J162506.9-235050,,,
J162522.1-241751,3190,0.118,
J162522.6-243453,,,
J162524.3-242944,3190,0.253,-98.96
J162525.7-243708,,,
J162527.6-243648,,,
J162532.5-232626,,,
J162533.2-232530,,,
J162535.5-243210,3190,0.15,0.03
J162536.7-241542,4375,1.762,-1.683
J162538.1-242236 b,,,
J162538.1-242236,,,
J162539.4-232642,,,
J162539.6-242635,3560,0.805,-1.091
J162542.9-232526,,,
J162546.6-242336,,,
J162556.1-242048,4115,1.824,-0.118
J162601.4-242520,,,
J162603.0-242336,,,
J162604.6-241751,3085,0.077,-3.472
J162607.0-242724,,,
J162609.9-243354,,,
J162610.3-242055,3900,3.958,-1.012
J162616.8-242223,3900,1.928,-1.424
J162617.1-242021,4115,1.248,-1.583
J162617.2-242345,,,
J162618.1-243033,2860,0.109,
J162618.6-242951,2670,0.012,
J162618.8-242610,2815,0.036,-2.732
J162618.9-242820,3900,2.537,-0.085
J162619.0-242414,2860,0.306,
J162619.5-243727,3085,0.135,-98.98
J162620.8-242839,,,
J162621.0-240847,2770,0.022,0.01
J162621.5-242601,2920,0.073,-3.311
J162621.9-244440,2745,0.068,-3.187
J162622.3-242407,2770,0.006,-3.965
J162622.9-242846,2860,0.101,
J162623.4-242101 b,4870,10.18,-0.862
J162623.4-242101,4870,10.18,-0.862
J162623.6-242439,4020,0.509,-1.432
J162623.7-244314,4115,1.49,-2.126
J162623.8-241829,2920,0.009,
J162624.0-242448,4162,7.765,-1.079
J162624.1-241613,4162,7.065,0.4391
J162625.5-242301,,,
J162627.5-244154,,,
J162627.8-242642,,,
J162630.4-242257,,,
J162633.0-240017,3085,0.089,-98.99
J162636.2-240509,2815,0.023,-98.98
J162636.8-241552,3900,0.378,-2.503
J162637.1-241560 b,2980,0.098,-98.98
J162637.1-241560,2980,0.098,-98.98
J162637.8-242301,,,
J162637.8-243903,2920,0.023,-98.89
J162640.5-242714,,,
J162640.8-243051,2890,0.03,
J162641.2-244018,3085,0.352,-2.403
J162642.1-243103,,,
J162642.9-242030 b,4020,2.536,-1.105
J162642.9-242030,4020,2.536,-1.105
J162645.0-242308,3900,0.943,-0.565
J162646.4-241160,4870,5.846,-1.213
J162648.5-242839,,,
J162648.5-242839 b,,,
J162648.6-235634,4162,1.067,-98.99
J162649.0-243825,3410,0.256,-0.52
J162652.0-243039,,,
J162653.5-243236,,,
J162654.3-242438,,,
J162654.4-242621,3900,0.846,-2.112
J162654.8-242702,,,
J162656.3-244120,2520,0,
J162656.8-241351,4020,0.806,-98.98
J162657.3-243539,2860,0.546,-0.952
J162658.3-243741,,,
J162658.4-242130,2860,0.004,-4.252
J162658.4-244532,3900,2.497,-0.312
J162658.6-241835,3085,0.122,-2.032
J162658.6-242455,,,
J162659.0-243557,3190,0.261,-2.092
J162703.0-242615,,,
J162703.6-242005,,,
J162704.1-242830,,,
J162704.6-242716,,,
J162705.2-243630,,,
J162705.7-244013,,,
J162706.0-242618,,,
J162706.0-242836,3085,0.039,
J162706.6-244149,2920,0.086,-2.373
J162706.8-243815,,,
J162709.1-241201,3485,0.197,-2.425
J162709.1-243408,4020,1.532,-1.244
J162709.3-244022,,,
J162711.2-244047,,,
J162711.7-243832,,,
J162712.1-243449,3560,0.106,-2.092
J162713.3-244133,,,
J162713.7-241817,3900,0.73,-1.816
J162713.8-244332,3410,0.364,-1.638
J162714.5-242646,,,
J162715.1-245139,3560,0.232,0.01
J162715.4-242640,,,
J162715.4-242640 b,,,
J162715.5-243054,,,
J162715.9-242514,,,
J162716.4-243114,,,
J162717.6-240514,3720,0.084,-1.36
J162717.6-242856,,,
J162717.6-242856 b,,,
J162717.6-242856 c,,,
J162718.4-243915,,,
J162718.5-242906,3640,1.065,-1.932
J162719.2-242844,,,
J162721.5-244143,,,
J162721.8-242728,,,
J162721.8-242953,,,
J162723.0-244807,3137,0.317,0.01
J162724.6-242935,,,
J162724.6-244103,,,
J162726.2-241923,2860,0.031,-2.982
J162726.3-244246,,,
J162726.6-242554,2670,0.017,0.01
J162727.4-243117,3410,1.029,-1.897
J162728.4-242721,4020,1.399,-1.218
J162729.9-243336,,,
J162730.2-242743,3900,3.525,-1.326
J162730.8-242456,3355,0.304,-2.454
J162730.9-242733,,,
J162732.1-242943,2860,0.194,
J162732.6-243323,3560,0.227,-1.992
J162732.7-244500,,,
J162732.8-243235,3410,0.486,-1.952
J162733.1-244115,4162,3.817,-0.408
J162736.2-240458,2920,0.03,-98.95
J162736.7-235827,,,
J162737.2-244238,,,
J162737.4-241755,2920,0.038,-2.507
J162738.3-235732,4210,1.635,-98.99
J162738.3-243658,4162,1.701,-1.149
J162738.6-243839,2720,0.071,-2.858
J162738.9-244020,3485,0.063,-1.798
J162739.0-235818,4210,1.622,-98.98
J162739.4-243915,3900,1.093,-1.111
J162739.8-244315,,,
J162739.8-244315 b,,,
J162740.1-242636,,,
J162740.3-242204 b,,,
J162740.3-242204,,,
J162741.5-243538,,,
J162741.6-244645,,,
J162741.7-244336,,,
J162741.8-244235,,,
J162742.7-243851,3410,0.211,-2.315
J162743.8-244308,,,
J162745.0-240628,3410,0.076,0.01
J162745.8-244454,,,
J162746.3-243141,2860,0.096,-2.945
J162747.1-244535,2980,0.131,-2.912
J162748.2-244225,,,
J162749.3-242452,,,
J162749.8-242522,2860,0.325,-1.736
J162751.8-243145,,,
J162755.2-240215,,,
J162755.2-242839,2860,0.057,-3.662
J162755.6-242618,3560,0.323,-1.379
J162758.9-243515,,,
J162802.6-235504,,,
J162804.5-243448,,,
J162804.8-243710,,,
J162804.8-245035,,,
J162812.7-241136,3085,0.095,-2.347
J162813.7-243139,,,
J162813.8-243249,3190,0.22,-2.605
J162816.5-243658,3085,0.328,-1.513
J162816.7-240514,4210,0.972,-1.882
J162817.7-241705,2980,0.028,0.08
J162821.5-242155,,,
J162821.7-244247,,,
J162823.3-242241,4210,1.71,
J162832.7-242245,,,
J162845.3-242819 b,3560,0.81,-98.54
J162845.3-242819,3560,0.81,-98.54
J162847.0-242814,2860,0.017,0.05
J162848.7-242632,2837,0.008,0.05
J162854.1-244744,3640,0.574,0.01
J162856.0-233107,,,
J162856.9-243110,2920,0.059,0.03
J162857.9-244055,,,
J162903.2-242749,,,
J162908.2-241547,,,
J162935.1-243610,,,
J162944.3-244122,,,
J162948.3-233103,,,
J162954.6-245846,,,
J163019.8-240256,,,
J163020.0-233108,,,
J163023.4-245416,,,
J163026.7-235909,,,
J163033.9-242806,,,
J163053.5-242454,,,
J163102.4-240843,,,
J163105.2-240440,,,
J163115.7-243402,,,
J163129.2-240431,,,
J163130.9-242440 b,,,
J163130.9-242440,,,
J163131.2-242628,,,
J163133.4-242737,,,
J163133.8-240446,,,
J163134.1-240060,,,
J163134.3-240325,,,
J163135.6-240129,,,
J163136.8-240420,,,
J163143.8-245525,,,
J163144.6-240213,,,
J163145.4-244307,,,
J163145.8-243909,,,
J163148.9-245429,,,
J163152.1-245616,,,
J163152.1-245616 b,,,
J163152.5-245536,,,
J163153.4-245505,,,
J163154.4-250349,,,
J163154.7-250324,,,
J163159.3-245441,,,
J163205.5-250236,,,
J163211.8-244021,,,
J163221.0-243036,,,
J163221.9-244215,,,
J163227.9-252502,,,
J163355.6-244205,,,
J163524.3-243359,,,
J163945.4-240204,,,
J163952.9-241931,,,
J164424.3-240125,,,
J164526.7-240305,,,
IRAS 12416-7703,,15.69,-98.91
IRAS12496-7650,7200,22.69,-98.91
IRAS12500-7658,4210,0.007,-98.91
Sz 46,3720,0.395,-98.92
IRAS12535-7623,3900,1.682,-98.91
SSTc2d J125758.7-770120,,0.001,-98.91
ISO-CHAII 13,2770,0.011,-98.91
C41,,0.012,-98.93
Sz 48NE,3810,0.433,-98.89
Sz 49,3810,0.237,-98.92
Sz 48SW,3720,0.306,-98.93
Sz 50,3190,0.694,-2.424
J130059.3-771403,4540,-11.3,-98.89
Sz 51,3810,0.536,-98.91
CM Cha,4020,0.841,-98.93
J13022287-7734494,2980,0.084,-98.88
Hn 22,3560,0.291,-98.9
Hn 23,4210,1.064,-98.91
Sz 52,3485,0.226,-98.89
Hn 24,3900,1.037,-1.903
Hn 25,3485,0.402,-98.91
Sz 53,3720,0.388,-98.92
Sz 54,4210,2.355,-98.91
J130521.7-773810,,-10.4,-98.93
J130529.0-774140,,-10.9,-98.91
SSTc2d J130540.8-773958,,0,-98.91
Sz 55,3560,0.15,-98.92
Sz 56,3190,0.398,-98.92
Sz 57,2980,0.496,-98.91
Sz 58,4210,0.843,-98.91
Sz 59,4020,1.086,-98.91
J13071806-7740529,3085,12.1,-98.88
Sz 60E,3190,0.265,-98.9
Hn 26,3560,0.317,-98.9
Sz 61,4210,1.403,-98.92
J13082714-7743232,3085,0.066,-98.87
IRAS F13052-7653NW,3810,0.243,-98.91
IRAS F13052-7653N,3640,0.412,-98.91
Sz 62,3485,0.403,-98.91
Sz 63,3410,0.291,-98.89
Sz 64,2980,0.107,-98.92
IRAS 04108+2910,3410,0.148,0.02
J04141188+2811535,2839,0.022,-2.549
FM Tau,3085,0.219,-1.639
FN Tau,3300,0.59,
CW Tau,4540,1.057,
CIDA 1,3085,0.21,-1.586
MHO 1,3483,0.093,0.05
MHO 2 AB,,,
MHO 3 AB,,,
FP Tau,3470,0.391,
CX Tau,3485,0.34,
FO Tau A,3212,0.892,0.09
FO Tau B,3302,0.892,0.09
J04153916+2818586,3190,0.293,-98.99
IRAS 04125+2902,3720,0.457,-98.99
J04155799+2746175,2956,0.08,0.01
J04161210+2756385,3030,0.052,0.01
J04163911+2858491,2920,0.047,0.11
CY Tau,3515,0.356,-1.477
KPNO 10,2980,0.067,
V410 X-ray 1,3256,0.247,-98.98
V409 Tau,3792,0.435,0.01
V410 Anon 13,2890,0.079,-98.97
DD Tau A,3022,0.7,-98.97
DD Tau B,3302,0.7,-98.97
CZ Tau A,3410,0.441,-98.92
CZ Tau B,3410,0.441,-98.92
V410 X-ray 2,,,
V892 Tau AB,,,
LR 1,,,
V410 X-ray 7 AB,,,
V410 X-ray 6,2872,0.409,-98.93
KPNO 12,,,
FQ Tau A,,,
FQ Tau B,,,
BP Tau,3810,0.978,-0.559
V819 Tau,3900,0.731,0.01
FR Tau,2949,0.097,-98.95
J04201611+2821325,2819,0.009,-98.98
J04202144+2813491,,,
J04202555+2700355,2949,0.056,0.02
IRAS 04173+2812,,,
J04202606+2804089,3302,0.142,-98.99
J04210795+2702204,,,
J04210934+2750368,2949,0.078,-98.91
J04213459+2701388,2920,0.164,0.01
IRAS 04187+1927,3498,1.261,
J04214631+2659296,2890,0.04,-98.98
DE Tau,3515,0.667,-1.005
RY Tau,5930,23.4,-0.37
T Tau N,4870,10.08,0.0036
FS Tau A,3314,0.156,0.15
FS Tau B,3314,0.156,0.15
J04221675+2654570,3642,0.82,-98.99
IRAS 04196+2638,3720,0.597,0.01
J04230607+2801194,2860,0.031,0.02
IRAS 04200+2759,3560,0.059,0.04
J04231822+2641156,,,
FU Tau A,2815,0.22,0.02
FU Tau B,2770,0.242,-98.98
FT Tau,3440,0.452,-98.98
J04242090+2630511,2819,0.009,0.05
J04242646+2649503,2890,0.033,-98.98
IRAS 04216+2603,3439,0.369,
IP Tau,3792,0.515,-1.307
KPNO 3,2860,0.028,-98.99
FV Tau A,,,
FV Tau B,,,
FV Tau/c A,3900,0.562,-98.99
FV Tau/c B,3234,0.562,-98.99
KPNO 13,2968,0.276,0.01
DF Tau AB,3455,,
DG Tau,4020,3.201,-0.154
J04284263+2714039 A,,,
J04284263+2714039 B,,,
J04290068+2755033,,,
IRAS 04260+2642,,,
IRAS 04263+2654,,,
XEST 13-010,3410,0.514,-98.98
DH Tau A,3515,0.599,0.01
DH Tau B,3514,0.659,-98.97
IQ Tau,3704,0.862,-98.94
J04295950+2433078,2980,0.215,-98.99
UX Tau A,4870,3.343,-98.98
KPNO 6,2620,0.001,-4.291
FX Tau A,3835,1.526,-98.93
FX Tau B,3835,1.526,-98.93
DK Tau A,3810,2.159,-0.635
DK Tau B,3608,2.159,-98.92
ZZ Tau AB,3130,0.524,-98.94
ZZ Tau IRS,3085,0.02,-98.75
KPNO 7,2644,0.003,-98.96
JH 56,3900,0.443,
XZ Tau A,3366,0.171,0.02
XZ Tau B,3560,0.171,0.02
HK Tau A,3640,0.531,0.01
HK Tau B,3720,0.605,-98.95
V710 Tau A,3344,0.407,-98.96
LkHalpha 267,,,
Haro 6-13,4162,0.893,-98.93
MHO 5,2815,0.152,-4.286
MHO 6,2980,0.081,-2.817
J04322415+2251083,3080,0.116,-98.97
GG Tau Aa,3960,,
GG Tau Ba,2884,0.142,0.02
GG Tau Bb,2920,0.142,0.02
FY Tau,3882,1.136,
FZ Tau,3810,1.188,
UZ Tau Wa,3388,,
UZ Tau Wb,,,
UZ Tau Eab,3576,,
JH 112 Aa,4162,0.512,-98.87
JH 112 Ba,3064,0.51,0.14
J04324938+2253082,3080,0.51,0.14
GH Tau A,3515,0.279,-98.93
GH Tau B,3560,0.279,-98.93
V807 Tau A,3960,3.27,-98.81
J04330945+2246487,2860,0.068,-98.85
IRAS 04301+2608,,,
IRAS 04303+2240,3806,1.299,0.04
J04333278+1800436,3720,0.22,
GI Tau,3828,0.918,-1.097
GK Tau,4067,1.476,-1.53
IS Tau A,3560,0.591,-98.95
IS Tau B,3900,0.591,-98.95
DL Tau,4162,1.49,-0.346
J04333905+2227207,,,
HN Tau A,4540,0.289,-0.588
HN Tau B,3022,0.346,-98.9
J04334171+1750402,3190,0.105,
J04334465+2615005,2980,0.417,0.05
DM Tau,3410,0.241,-1.276
CI Tau,4162,1.654,-98.99
IT Tau A,4115,3.172,
IT Tau B,3425,3.585,-98.95
AA Tau,3792,0.754,-0.852
HO Tau,3366,0.18,-98.98
DN Tau,3846,0.695,-1.337
CoKu Tau/3 A,3810,1.077,-98.98
CoKu Tau/3 B,3127,1.077,-98.98
HQ Tau,4710,5.388,0.1
HP Tau,4375,1.886,0.2
Haro 6-28 A,3410,0.316,0.12
Haro 6-28 B,3410,0.316,0.12
J04362151+2351165,2980,0.008,
ITG 1,,,
J04381486+2611399,2746,0.002,0.03
GM Tau,2980,0.07,-2.093
DO Tau,3846,1.241,-0.846
HV Tau C,,,
J04385859+2336351,3134,0.037,
J04390163+2336029,2999,0.1,-3.277
J04390396+2544264,2746,0.037,-4.768
VY Tau A,3640,0.395,0.07
VY Tau B,3560,0.395,0.07
LkCa 15,4162,1.098,-0.999
GN Tau A,3485,0.358,-98.99
GN Tau B,3497,0.358,-98.99
J04393364+2359212,2980,0.075,
ITG 15,2980,0.51,-98.98
CFHT 4,2770,0.144,0.04
J04400067+2358211,2860,0.023,-98.95
IRAS 04370+2559,,,
J04403979+2519061 AB,,,
JH 223 A,3440,0.228,-98.99
JH 223 B,3439,0.228,-98.99
ITG 33A,3410,0.054,-98.96
ITG 34,2920,0.058,0.02
CoKu Tau/4 AB,,,
ITG 40,,,
IRAS 04385+2550,3900,0.342,0.11
J04414489+2301513,2620,0.003,-98.98
J04414825+2534304,2696,0.015,-4.194
V955 Tau A,3810,1.672,0.11
V955 Tau B,4020,1.672,0.11
CIDA 7,2968,0.137,-98.97
DP Tau A,3756,0.064,0.01
DP Tau B,3738,0.064,0.01
GO Tau,3515,0.267,0.01
CIDA 14,2920,0.319,-4.386
IRAS 04414+2506,2746,0.063,-98.98
IRAS 04429+1550,3483,0.303,0.04
DQ Tau AB,,,
Haro 6-37 A,3900,3.224,0.17
Haro 6-37 B,3738,3.224,0.17
Haro 6-37 C,3979,6.283,-98.88
DR Tau,4115,1.902,0.0292
DS Tau,3828,1.037,-0.573
UY Aur A,4020,1.941,-0.571
UY Aur B,4020,1.941,0.09
St 34 AB,,,
St 34 C,,,
GM Aur,4115,0.903,-1.004
J04554535+3019389,3043,0.11,-98.98
AB Aur,9256,112.7,0.03
J04554801+3028050,2980,0.02,-3.654
J04554969+3019400,2860,0.029,-98.96
XEST 26-062,3190,,
SU Aur,5516,14.2,-0.897
XEST 26-071,3302,0.109,0.1
MWC 480,9000,154.7,0.03
V836 Tau,3756,0.64,-2.343
CIDA 8,3256,0.302,
CIDA 9 A,3592,0.049,0.17
CIDA 9 B,3064,0.049,0.17
CIDA 11,3148,,
CIDA 11 B,,,
RW Aur A,4870,2.506,0.159
RW Aur B,4067,3.116,-98.97
CIDA 12,3256,0.13,-98.97
J04263055+2443558,,,
V710 Tau B,3608,0.266,-98.96
V807 Tau Bab,3560,0.451,-98.81
J04361030+2159364,,,
JH 112 Ab,,,
JH 112 Bb,,,
GG Tau Ab,,,
CrA-1,2758,0.111,0.05
CrA-3,,,
CrA-4,2705,0.019,-98.98
CrA-6,3071,0.305,-98.99
CrA-8,2705,0.026,0.02
CrA-9,3738,0.535,-98.98
CrA-10,3071,0.016,-98.95
CrA-12,2851,0.029,0.01
CrA-13,3560,0.252,-98.98
CrA-15,3237,0.156,0.02
CrA-16,3481,0.54,0.02
CrA-18,3650,0.559,-98.9
CrA-21,3560,0.142,0.02
CrA-22,2943,0.061,-98.92
CrA-23,2705,0.007,
CrA-26,2705,0.01,-98.73
CrA-28,2943,0.023,0.01
CrA-29,,,
CrA-30,3848,1.791,0.02
CrA-31,3237,0.333,0.02
CrA-33,,,
CrA-35,2851,0.081,0.02
CrA-36,2851,0.11,0.02
CrA-40,2943,0.205,0.02
CrA-41,3560,0.831,0.03
CrA-42,,,
CrA-45 E,,,
CrA-46,,,
CrA-47,2758,0.008,0.07
CrA-48,2851,0.007,
CrA-52,3738,0.201,
CrA-53,2851,0.021,
CrA-54,3997,5.555,0.02
CrA-55,4118,0.767,
CrA-56,3071,0.097,
CrA-57,2943,0.051,-98.97
S CrA N,3928,9.708,-98.98
T CrA,7200,27.11,0.02
TY CrA,10500,277.4,0.02
IRS 10,,,
Halpha 15,3071,0.493,0.02
ISO-CrA 177,2943,0.088,0.51
Haas 4,,,
Haas 17,,,
LS-RCrA 1,,,
G09 CrA-9,,,
S CrA S,,,
CrA-45 W,,,
