Region,Star,RA,Dec,Distance
Lupus,Sz65,39:27.8,-34:46:17.577,153.47
Lupus,Sz66,39:28.3,-34:46:18.450,155.92
Lupus,J15430131-3409153,43:01.3,-34:09:15.400,158
Lupus,J15430227-3444059,43:02.3,-34:44:06.200,158
Lupus,J15445789-3423392,44:57.9,-34:23:39.500,153.95
Lupus,J15450634-3417378,45:06.3,-34:17:38.332,158
Lupus,J15450887-3417333,45:08.9,-34:17:33.835,154.81
Lupus,Sz68,45:12.8,-34:17:31.071,158
Lupus,Sz69,45:17.4,-34:18:28.685,152.56
Lupus,Sz71,46:44.7,-34:30:36.054,155.2
Lupus,Sz72,47:50.6,-35:28:35.779,156.71
Lupus,Sz73,47:56.9,-35:14:35.185,157.82
Lupus,Sz74,48:05.2,-35:15:53.342,158
Lupus,Sz75,49:12.1,-35:39:05.463,158
Lupus,Sz76,49:30.7,-35:49:51.825,156.4
Lupus,Sz77,51:46.9,-35:56:44.531,155.25
Lupus,Sz81A,55:50.3,-38:01:34.087,158.23
Lupus,J15560210-3655282,56:02.1,-36:55:28.666,157.96
Lupus,Sz82,56:09.2,-37:56:06.452,155.82
Lupus,Sz83,56:42.3,-37:49:15.861,158
Lupus,Sz84,58:02.5,-37:36:03.146,158
Lupus,Sz129,59:16.5,-41:57:10.675,160.13
Lupus,J15592523-4235066,59:25.2,-42:35:06.987,147.25
Lupus,RYLup,59:28.4,-40:21:51.559,158
Lupus,J16000060-4221567,00:00.6,-42:21:57.203,159.43
Lupus,J16000236-4222145,00:02.3,-42:22:14.962,160.39
Lupus,J16002612-4153553,00:26.1,-41:53:55.782,163.17
Lupus,Sz130,00:31.0,-41:43:37.387,159.18
Lupus,MYLup,00:44.5,-41:55:31.319,158
Lupus,Sz131,00:49.4,-41:30:04.263,160.62
Lupus,J16011549-4152351,01:15.5,-41:52:35.515,158
Lupus,EXLup,03:05.5,-40:18:25.834,154.72
Lupus,Sz133,03:29.4,-41:40:02.247,158
Lupus,Sz88A,07:00.6,-39:02:19.913,157.64
Lupus,Sz88B,07:00.6,-39:02:18.100,158.37
Lupus,J16070384-3911113,07:03.8,-39:11:11.900,158
Lupus,J16070854-3914075,07:08.5,-39:14:07.939,171.28
Lupus,Sz90,07:10.1,-39:11:03.647,160.37
Lupus,Sz91,07:11.6,-39:03:47.827,159.39
Lupus,J16073773-3921388,07:37.7,-39:21:39.116,162.45
Lupus,Sz95,07:52.3,-38:58:06.446,160.47
Lupus,J16075475-3915446,07:54.8,-39:15:44.811,158
Lupus,J16080017-3902595,08:00.2,-39:02:59.883,161.13
Lupus,J16080175-3912316,08:01.8,-39:12:31.600,158
Lupus,Sz96,08:12.6,-39:08:33.835,155.97
Lupus,J16081497-3857145,08:15.0,-38:57:14.910,150.83
Lupus,Sz97,08:21.8,-39:04:21.860,157.34
Lupus,Sz98,08:22.5,-39:04:46.857,156.27
Lupus,Sz99,08:24.0,-39:05:49.400,158.29
Lupus,Sz100,08:25.7,-39:06:01.601,158
Lupus,J160828.1-391310,08:28.1,-39:13:10.000,169.79
Lupus,Sz102,08:29.7,-39:03:11.409,158
Lupus,Sz103,08:30.3,-39:06:11.538,157.15
Lupus,J16083070-3828268,08:30.7,-38:28:27.280,158
Lupus,Sz104,08:30.8,-39:05:49.238,159.81
Lupus,J160831.1-385600,08:31.1,-38:56:00.000,158
Lupus,V856Sco,08:34.3,-39:06:18.737,158.59
Lupus,V1094Sco,08:36.2,-39:23:02.879,158
Lupus,Sz106,08:39.7,-39:06:25.701,158.72
Lupus,Sz108B,08:42.9,-39:06:15.039,161.22
Lupus,J16084940-3905393,08:49.4,-39:05:39.825,160.19
Lupus,V1192Sco,08:51.4,-39:05:30.890,147.1
Lupus,Sz110,08:51.6,-39:03:18.087,157.49
Lupus,J16085324-3914401,08:53.2,-39:14:40.553,163
Lupus,J16085373-3914367,08:53.7,-39:14:37.170,148.72
Lupus,Sz111,08:54.7,-39:37:43.528,158.37
Lupus,J16085529-3848481,08:55.3,-38:48:48.551,155.61
Lupus,Sz112,08:55.5,-39:02:34.359,159.3
Lupus,Sz113,08:57.8,-39:02:23.260,160.53
Lupus,J16085828-3907355,08:58.3,-39:07:35.500,158
Lupus,J16085834-3907491,08:58.3,-39:07:49.400,158
Lupus,J16090141-3925119,09:01.4,-39:25:12.375,159.2
Lupus,Sz114,09:01.8,-39:05:12.805,156.76
Lupus,Sz115,09:06.2,-39:08:51.800,155.82
Lupus,J16091644-3904438,09:16.4,-39:04:43.700,158
Lupus,J16092032-3904015,09:20.3,-39:04:01.600,158
Lupus,J16092317-3904074,09:23.2,-39:04:07.400,158
Lupus,J16092697-3836269,09:27.0,-38:36:27.324,159.19
Lupus,J160934.2-391513,09:34.2,-39:15:12.700,158
Lupus,J16093928-3904316,09:39.3,-39:04:31.800,158
Lupus,Sz117,09:44.3,-39:13:30.555,156.95
Lupus,Sz118,09:48.6,-39:11:17.257,161.46
Lupus,J16095628-3859518,09:56.3,-38:59:51.973,157.07
Lupus,J16100133-3906449,10:01.3,-39:06:44.900,184.12
Lupus,J16101307-3846165,10:13.1,-38:46:16.800,145.15
Lupus,J16101857-3836125,10:18.6,-38:36:13.000,160.6
Lupus,J16101984-3836065,10:19.8,-38:36:06.800,158.76
Lupus,J16102741-3902299,10:27.4,-39:02:30.200,158
Lupus,J16102955-3922144,10:29.5,-39:22:14.906,160.44
Lupus,Sz123B,10:51.3,-38:53:12.800,158
Lupus,Sz123A,10:51.6,-38:53:14.171,162.19
Lupus,J16115979-3823383,11:59.8,-38:23:38.500,160.4
Lupus,J16120445-3809589,12:04.5,-38:09:59.000,158
Lupus,J16124373-3815031,12:43.7,-38:15:03.471,159.85
Lupus,J16134410-3736462,13:44.1,-37:36:46.598,158.55
Lupus,AKC2006-18,41:40.8,-33:45:19.0,151.86
Lupus,J154518.5-342125,45:18.5,-34:21:24.8,153.02
Lupus,Lup706,08:37.3,-39:23:10.8,170.7
Lupus,SONYC-Lup3-7,08:59.5,-38:56:27.6,155.85
Lupus,SONYC-Lup3-10,09:13.4,-38:58:04.9,158
USco,J15354856-2958551,35:48.6,-29:58:55.182,87.84
USco,J15514032-2146103,51:40.3,-21:46:10.387,140.84
USco,J15521088-2125372,52:10.9,-21:25:37.200,154.94
USco,J15530132-2114135,53:01.3,-21:14:13.564,143.04
USco,J15534211-2049282,53:42.1,-20:49:28.218,142
USco,J15551704-2322165,55:17.0,-23:22:16.597,142
USco,J15554883-2512240,55:48.8,-25:12:24.098,143.57
USco,J15562477-2225552,56:24.8,-22:25:55.258,142.38
USco,J15570641-2206060,57:06.4,-22:06:06.098,145.33
USco,J15572986-2258438,57:29.9,-22:58:43.846,142
USco,J15581270-2328364,58:12.7,-23:28:36.408,145.7
USco,J15582981-2310077,58:29.8,-23:10:07.716,141.13
USco,J15583692-2257153,58:36.9,-22:57:15.336,167.34
USco,J15584772-1757595,58:47.7,-17:57:59.548,138.21
USco,J16001330-2418106,00:13.3,-24:18:10.627,146.57
USco,J16001730-2236504,00:17.3,-22:36:50.461,145.1
USco,J16001844-2230114,00:18.4,-22:30:11.488,142
USco,J16014086-2258103,01:40.9,-22:58:10.384,135.85
USco,J16014157-2111380,01:41.6,-21:11:38.080,141.56
USco,J16020039-2221237,02:00.4,-22:21:23.738,141.58
USco,J16020287-2236139,02:02.9,-22:36:13.954,142
USco,J16020757-2257467,02:07.6,-22:57:46.778,140.68
USco,J16024152-2138245,02:41.5,-21:38:24.562,140.54
USco,J16025123-2401574,02:51.2,-24:01:57.450,145.03
USco,J16030161-2207523,03:01.6,-22:07:52.399,140.36
USco,J16031329-2112569,03:13.3,-21:12:56.905,137.61
USco,J16032225-2413111,03:22.3,-24:13:11.118,140.05
USco,J16035767-2031055,03:57.7,-20:31:05.513,142.86
USco,J16035793-1942108,03:57.9,-19:42:10.818,154.19
USco,J16041740-1942287,04:17.4,-19:42:28.739,154.1
USco,J16042165-2130284,04:21.7,-21:30:28.400,145.31
USco,J16043916-1942459,04:39.2,-19:42:45.972,150.94
USco,J16050231-1941554,05:02.3,-19:41:55.435,154.35
USco,J16052459-1954419,05:24.6,-19:54:41.904,152.48
USco,J16052556-2035397,05:25.6,-20:35:39.710,142
USco,J16052661-1957050,05:26.6,-19:57:05.051,142
USco,J16053215-1933159,05:32.2,-19:33:15.995,152.33
USco,J16054540-2023088,05:45.4,-20:23:08.815,138.72
USco,J16055863-1949029,05:58.6,-19:49:02.964,152.15
USco,J16060061-1957114,06:00.6,-19:57:11.455,142
USco,J16061330-2212537,06:13.3,-22:12:53.773,140.29
USco,J16062196-1928445,06:22.0,-19:28:44.566,142
USco,J16062277-2011243,06:22.8,-20:11:24.400,153.48
USco,J16063539-2516510,06:35.4,-25:16:51.100,138.74
USco,J16064102-2455489,06:41.0,-24:55:48.961,152.9
USco,J16064115-2517044,06:41.2,-25:17:04.441,152.09
USco,J16064385-1908056,06:43.9,-19:08:05.604,142
USco,J16070014-2033092,07:00.1,-20:33:09.274,139.3
USco,J16070211-2019387,07:02.1,-20:19:38.770,146.68
USco,J16070873-1927341,07:08.7,-19:27:34.171,149.13
USco,J16071971-2020555,07:19.7,-20:20:55.565,156.28
USco,J16072625-2432079,07:26.3,-24:32:07.951,144.57
USco,J16072747-2059442,07:27.5,-20:59:44.207,142
USco,J16073939-1917472,07:39.4,-19:17:47.238,139.64
USco,J16075796-2040087,07:58.0,-20:40:08.731,142
USco,J16080555-2218070,08:05.5,-22:18:07.027,144.49
USco,J16081566-2222199,08:15.7,-22:22:19.974,139.61
USco,J16082324-1930009,08:23.2,-19:30:00.932,137.82
USco,J16082751-1949047,08:27.5,-19:49:04.721,142
USco,J16083455-2211559,08:34.6,-22:11:55.918,139.06
USco,J16084894-2400045,08:48.9,-24:00:04.586,144.82
USco,J16090002-1908368,09:00.0,-19:08:36.838,136.94
USco,J16090075-1908526,09:00.8,-19:08:52.616,137.4
USco,J16093558-1828232,09:35.6,-18:28:23.239,159.12
USco,J16094098-2217594,09:41.0,-22:17:59.442,145.26
USco,J16095361-1754474,09:53.6,-17:54:47.426,158.61
USco,J16095441-1906551,09:54.4,-19:06:55.105,138.53
USco,J16095933-1800090,09:59.3,-18:00:09.065,136.45
USco,J16101473-1919095,10:14.7,-19:19:09.548,139.03
USco,J16101888-2502325,10:18.9,-25:02:32.546,153.93
USco,J16102174-1904067,10:21.7,-19:04:06.726,134.58
USco,J16102819-1910444,10:28.2,-19:10:44.486,151.7
USco,J16102857-1904469,10:28.6,-19:04:46.996,142
USco,J16103956-1916524,10:39.6,-19:16:52.460,156.22
USco,J16104202-2101319,10:42.0,-21:01:31.998,140.54
USco,J16104636-1840598,10:46.4,-18:40:59.873,141.38
USco,J16111330-2019029,11:13.3,-20:19:02.942,153.89
USco,J16111534-1757214,11:15.3,-17:57:21.427,135.78
USco,J16112057-1820549,11:20.6,-18:20:54.949,136.23
USco,J16113134-1838259,11:31.3,-18:38:25.926,142
USco,J16115091-2012098,11:50.9,-20:12:09.889,140.85
USco,J16122737-2009596,12:27.4,-20:09:59.688,143.05
USco,J16123916-1859284,12:39.2,-18:59:28.457,135.46
USco,J16124893-1800525,12:48.9,-18:00:52.549,153.39
USco,J16125533-2319456,12:55.3,-23:19:45.638,153.36
USco,J16130996-1904269,13:10.0,-19:04:26.908,136.52
USco,J16133650-2503473,13:36.5,-25:03:47.340,142
USco,J16135434-2320342,13:54.3,-23:20:34.253,142
USco,J16141107-2305362,14:11.1,-23:05:36.244,142
USco,J16142029-1906481,14:20.3,-19:06:48.136,142
USco,J16142893-1857224,14:28.9,-18:57:22.457,142
USco,J16143367-1900133,14:33.7,-19:00:13.370,136.93
USco,J16145918-2750230,14:59.2,-27:50:23.010,149.96
USco,J16145928-2459308,14:59.3,-24:59:30.804,159.24
USco,J16151239-2420091,15:12.4,-24:20:09.121,146.03
USco,J16153456-2242421,15:34.6,-22:42:42.109,138.13
USco,J16154416-1921171,15:44.2,-19:21:17.140,142
USco,J16163345-2521505,16:33.5,-25:21:50.566,159.45
USco,J16181618-2619080,18:16.2,-26:19:08.065,142
USco,J16181904-2028479,18:19.0,-20:28:47.957,139.67
USco,J16215466-2043091,21:54.7,-20:43:09.127,108.79
USco,J16220961-1953005,22:09.6,-19:53:00.575,134.39
USco,J16230783-2300596,23:07.8,-23:00:59.670,137.93
USco,J16235385-2946401,23:53.9,-29:46:40.134,135.19
USco,J16270942-2148457,27:09.4,-21:48:45.702,137.97
USco,J16303390-2428062,30:33.9,-24:28:06.276,146.61
USco,J15555600-2045187,55:56.0,-20:45:18.716,146.03
USco,J15560104-2338081,56:01.0,-23:38:08.117,122.82
USco,J15591135-2338002,59:11.4,-23:38:00.240,136.39
USco,J16024575-2304509,02:45.8,-23:04:50.920,142
USco,J16060391-2056443,06:03.9,-20:56:44.369,140.5
USco,J16100541-1919362,10:05.4,-19:19:36.264,141.86
USco,J16193976-2145349,19:39.8,-21:45:34.999,142
ChamI,J10533978-7712338,53:39.8,-77:12:33.883,184.27
ChamI,J10555973-7724399,55:59.7,-77:24:39.913,183.48
ChamI,J10561638-7630530,56:16.4,-76:30:53.010,190.87
ChamI,J10563044-7711393,56:30.4,-77:11:39.307,180.73
ChamI,J10574219-7659356,57:42.2,-76:59:35.664,191
ChamI,J10580597-7711501,58:06.0,-77:11:50.100,187.14
ChamI,J10581677-7717170,58:16.8,-77:17:17.056,191
ChamI,J10590108-7722407,59:01.1,-77:22:40.710,183.12
ChamI,J10590699-7701404,59:07.0,-77:01:40.444,185.2
ChamI,J11004022-7619280,00:40.2,-76:19:28.067,193.01
ChamI,J11022491-7733357,02:24.9,-77:33:35.716,191
ChamI,J11023265-7729129,02:32.7,-77:29:12.977,191
ChamI,J11025504-7721508,02:55.0,-77:21:50.807,184.2
ChamI,J11040425-7639328,04:04.3,-76:39:32.828,194.46
ChamI,J11040909-7627193,04:09.1,-76:27:19.379,189.95
ChamI,J11044258-7741571,04:42.6,-77:41:57.131,190.77
ChamI,J11045701-7715569,04:57.0,-77:15:56.938,193.59
ChamI,J11062554-7633418,06:25.5,-76:33:41.868,201.63
ChamI,J11062942-7724586,06:29.4,-77:24:58.644,191
ChamI,J11063276-7625210,06:32.8,-76:25:21.083,189.19
ChamI,J11063945-7736052,06:39.5,-77:36:05.213,187.11
ChamI,J11064180-7635489,06:41.8,-76:35:48.980,194.69
ChamI,J11064510-7727023,06:45.1,-77:27:02.322,185.81
ChamI,J11065906-7718535,06:59.1,-77:18:53.568,187.52
ChamI,J11065939-7530559,06:59.4,-75:30:55.976,192.45
ChamI,J11070925-7718471,07:09.3,-77:18:47.142,191
ChamI,J11071181-7625501,07:11.8,-76:25:50.117,199.91
ChamI,J11071206-7632232,07:12.1,-76:32:23.233,193.87
ChamI,J11071330-7743498,07:13.3,-77:43:49.879,191
ChamI,J11071860-7732516,07:18.6,-77:32:51.662,197.52
ChamI,J11072074-7738073,07:20.7,-77:38:07.354,188.99
ChamI,J11072825-7652118,07:28.3,-76:52:11.899,191
ChamI,J11074245-7733593,07:42.5,-77:33:59.393,191
ChamI,J11074366-7739411,07:43.7,-77:39:41.148,190.24
ChamI,J11074656-7615174,07:46.6,-76:15:17.467,192.64
ChamI,J11075730-7717262,07:57.3,-77:17:26.228,191.75
ChamI,J11075792-7738449,07:57.9,-77:38:44.927,191
ChamI,J11075809-7742413,07:58.1,-77:42:41.324,187.52
ChamI,J11080002-7717304,08:00.0,-77:17:30.484,191
ChamI,J11080148-7742288,08:01.5,-77:42:28.854,191
ChamI,J11080297-7738425,08:03.0,-77:38:42.590,191
ChamI,J11081509-7733531,08:15.1,-77:33:53.158,191
ChamI,J11081850-7730408,08:18.5,-77:30:40.813,186.7
ChamI,J11082238-7730277,08:22.4,-77:30:27.713,190.11
ChamI,J11082570-7716396,08:25.7,-77:16:39.619,191
ChamI,J11082650-7715550,08:26.5,-77:15:55.098,195.78
ChamI,J11083905-7716042,08:39.1,-77:16:04.242,189.8
ChamI,J11083952-7734166,08:39.5,-77:34:16.669,187.39
ChamI,J11085090-7625135,08:50.9,-76:25:13.588,192.24
ChamI,J11085367-7521359,08:53.7,-75:21:35.946,190.51
ChamI,J11085464-7702129,08:54.6,-77:02:12.962,191
ChamI,J11085497-7632410,08:55.0,-76:32:41.086,193.42
ChamI,J11091812-7630292,09:18.1,-76:30:29.250,183.64
ChamI,J11092266-7634320,09:22.7,-76:34:32.023,193.09
ChamI,J11092379-7623207,09:23.8,-76:23:20.756,191.12
ChamI,J11094260-7725578,09:42.6,-77:25:57.860,193.49
ChamI,J11094621-7634463,09:46.2,-76:34:46.387,196.29
ChamI,J11094742-7726290,09:47.4,-77:26:29.062,191.42
ChamI,J11095215-7639128,09:52.2,-76:39:12.805,250.98
ChamI,J11095336-7728365,09:53.4,-77:28:36.559,185.63
ChamI,J11095340-7634255,09:53.4,-76:34:25.511,191
ChamI,J11095407-7629253,09:54.1,-76:29:25.310,191
ChamI,J11095873-7737088,09:58.7,-77:37:08.879,191
ChamI,J11100010-7634578,10:00.1,-76:34:57.893,191
ChamI,J11100369-7633291,10:03.7,-76:33:29.178,195.75
ChamI,J11100469-7635452,10:04.7,-76:35:45.272,193.06
ChamI,J11100704-7629376,10:07.0,-76:29:37.698,191
ChamI,J11100785-7727480,10:07.9,-77:27:48.082,204.94
ChamI,J11101141-7635292,10:11.4,-76:35:29.288,196.06
ChamI,J11103801-7732399,10:38.0,-77:32:39.905,191
ChamI,J11104141-7720480,10:41.4,-77:20:48.048,199.8
ChamI,J11104959-7717517,10:49.6,-77:17:51.745,186.69
ChamI,J11105333-7634319,10:53.3,-76:34:31.994,193.23
ChamI,J11105359-7725004,10:53.6,-77:25:00.484,193.92
ChamI,J11105597-7645325,10:56.0,-76:45:32.573,191
ChamI,J11111083-7641574,11:10.8,-76:41:57.433,191
ChamI,J11113965-7620152,11:39.7,-76:20:15.252,191
ChamI,J11114632-7620092,11:46.3,-76:20:09.211,191.61
ChamI,J11120351-7726009,12:03.5,-77:26:00.992,186.12
ChamI,J11120984-7634366,12:09.8,-76:34:36.610,192.56
ChamI,J11122441-7637064,12:24.4,-76:37:06.406,191.77
ChamI,J11122772-7644223,12:27.7,-76:44:22.344,191.76
ChamI,J11123092-7644241,12:30.9,-76:44:24.130,194.25
ChamI,J11124268-7722230,12:42.7,-77:22:23.052,191
ChamI,J11124861-7647066,12:48.6,-76:47:06.673,189.15
ChamI,J11132446-7629227,13:24.5,-76:29:22.729,190.56
ChamI,J11142454-7733062,14:24.5,-77:33:06.217,188.48
ChamI,J11160287-7624533,16:02.9,-76:24:53.316,191
ChamI,J11173700-7704381,17:37.0,-77:04:38.118,188.88
ChamI,J11175211-7629392,17:52.1,-76:29:39.264,193.57
ChamI,J11183572-7935548,18:35.7,-79:35:54.884,191
ChamI,J11241186-7630425,24:11.9,-76:30:42.599,185.3
ChamI,J11432669-7804454,43:26.7,-78:04:45.451,191
rOph,J162034.2-242613,20:34.2,-24:26:13.000,139
rOph,J162118.5-225458,21:18.5,-22:54:58.000,139.93
rOph,J162131.9-230140,21:31.9,-23:01:40.000,135.96
rOph,J162138.7-225328,21:38.7,-22:53:28.000,139
rOph,J162142.0-231343,21:42.0,-23:13:43.000,136.01
rOph,J162145.1-234232,21:45.1,-23:42:32.000,139
rOph,J162148.5-234027,21:48.5,-23:40:27.000,145.16
rOph,J162157.7-242943,21:57.7,-24:29:43.000,138.17
rOph,J162218.5-232148,22:18.5,-23:21:48.000,139
rOph,J162221.0-230402,22:21.0,-23:04:02.000,139
rOph,J162225.0-232955,22:25.0,-23:29:55.000,137.53
rOph,J162225.2-240514,22:25.2,-24:05:14.000,131.64
rOph,J162235.6-233734,22:35.6,-23:37:34.000,142.44
rOph,J162241.8-242538,22:41.8,-24:25:38.000,169.68
rOph,J162244.9-231713,22:44.9,-23:17:13.000,140.64
rOph,J162245.4-243124,22:45.4,-24:31:24.000,139
rOph,J162247.2-230013,22:47.2,-23:00:13.000,144.46
rOph,J162248.6-230218,22:48.6,-23:02:18.000,136.95
rOph,J162259.8-232635,22:59.8,-23:26:35.000,139.11
rOph,J162305.4-230257,23:05.4,-23:02:57.000,139
rOph,J162305.9-233818,23:05.9,-23:38:18.000,139
rOph,J162306.9-225737,23:06.9,-22:57:37.000,136.6
rOph,J162308.8-225743,23:08.8,-22:57:43.000,141.92
rOph,J162309.2-241705,23:09.2,-24:17:05.000,156.57
rOph,J162313.7-230358,23:13.7,-23:03:58.000,141.15
rOph,J162315.6-234300,23:15.6,-23:43:00.000,117.88
rOph,J162332.2-242554,23:32.2,-24:25:54.000,139
rOph,J162332.8-225847,23:32.8,-22:58:47.000,140.98
rOph,J162334.8-234030,23:34.8,-23:40:30.000,140.2
rOph,J162336.1-240221,23:36.1,-24:02:21.000,143.57
rOph,J162338.5-230545,23:38.5,-23:05:45.000,144.78
rOph,J162350.5-225838,23:50.5,-22:58:38.000,136.3
rOph,J162413.5-241822,24:13.5,-24:18:22.000,139
rOph,J162415.9-241115,24:15.9,-24:11:15.000,140.51
rOph,J162435.2-242620,24:35.2,-24:26:20.000,139
rOph,J162452.3-250127,24:52.3,-25:01:27.000,137.12
rOph,J162453.0-250556,24:53.0,-25:05:56.000,136.36
rOph,J162459.8-245601,24:59.8,-24:56:01.000,137.37
rOph,J162502.1-245932 b,25:02.1,-24:59:32.000,139.27
rOph,J162502.1-245932,25:02.1,-24:59:32.000,139.27
rOph,J162506.2-244657,25:06.2,-24:46:57.000,137.03
rOph,J162506.9-235050,25:06.9,-23:50:50.000,142.16
rOph,J162522.1-241751,25:22.1,-24:17:51.000,142.12
rOph,J162522.6-243453,25:22.6,-24:34:53.000,139
rOph,J162524.3-242944,25:24.3,-24:29:44.000,139
rOph,J162525.7-243708,25:25.7,-24:37:08.000,139
rOph,J162527.6-243648,25:27.6,-24:36:48.000,139
rOph,J162532.5-232626,25:32.5,-23:26:26.000,144.7
rOph,J162533.2-232530,25:33.2,-23:25:30.000,137.78
rOph,J162535.5-243210,25:35.5,-24:32:10.000,140.87
rOph,J162536.7-241542,25:36.7,-24:15:42.000,139
rOph,J162538.1-242236 b,25:38.1,-24:22:36.000,134.25
rOph,J162538.1-242236,25:38.1,-24:22:36.000,134.25
rOph,J162539.4-232642,25:39.4,-23:26:42.000,139
rOph,J162539.6-242635,25:39.6,-24:26:35.000,139
rOph,J162542.9-232526,25:42.9,-23:25:26.000,138.86
rOph,J162546.6-242336,25:46.6,-24:23:36.000,139
rOph,J162556.1-242048,25:56.1,-24:20:48.000,134.76
rOph,J162601.4-242520,26:01.4,-24:25:20.000,104.69
rOph,J162603.0-242336,26:03.0,-24:23:36.000,136.17
rOph,J162604.6-241751,26:04.6,-24:17:51.000,139
rOph,J162607.0-242724,26:07.0,-24:27:24.000,139
rOph,J162609.9-243354,26:09.9,-24:33:54.000,140.84
rOph,J162610.3-242055,26:10.3,-24:20:55.000,139
rOph,J162616.8-242223,26:16.8,-24:22:23.000,137.42
rOph,J162617.1-242021,26:17.1,-24:20:21.000,135.25
rOph,J162617.2-242345,26:17.2,-24:23:45.000,139
rOph,J162618.1-243033,26:18.1,-24:30:33.000,139
rOph,J162618.6-242951,26:18.6,-24:29:51.000,139
rOph,J162618.8-242610,26:18.8,-24:26:10.000,139
rOph,J162618.9-242820,26:18.9,-24:28:20.000,137.53
rOph,J162619.0-242414,26:19.0,-24:24:14.000,139
rOph,J162619.5-243727,26:19.5,-24:37:27.000,135.31
rOph,J162620.8-242839,26:20.8,-24:28:39.000,139
rOph,J162621.0-240847,26:21.0,-24:08:47.000,141.72
rOph,J162621.5-242601,26:21.5,-24:26:01.000,136.29
rOph,J162621.9-244440,26:21.9,-24:44:40.000,149.98
rOph,J162622.3-242407,26:22.3,-24:24:07.000,139
rOph,J162622.9-242846,26:22.9,-24:28:46.000,139
rOph,J162623.4-242101 b,26:23.4,-24:21:01.000,118.37
rOph,J162623.4-242101,26:23.4,-24:21:01.000,118.37
rOph,J162623.6-242439,26:23.6,-24:24:39.000,139
rOph,J162623.7-244314,26:23.7,-24:43:14.000,139
rOph,J162623.8-241829,26:23.8,-24:18:29.000,139
rOph,J162624.0-242448,26:24.0,-24:24:48.000,139.49
rOph,J162624.1-241613,26:24.1,-24:16:13.000,139.26
rOph,J162625.5-242301,26:25.5,-24:23:01.000,139
rOph,J162627.5-244154,26:27.5,-24:41:54.000,139
rOph,J162627.8-242642,26:27.8,-24:26:42.000,153.63
rOph,J162630.4-242257,26:30.4,-24:22:57.000,139
rOph,J162633.0-240017,26:33.0,-24:00:17.000,137.88
rOph,J162636.2-240509,26:36.2,-24:05:09.000,138.3
rOph,J162636.8-241552,26:36.8,-24:15:52.000,136.59
rOph,J162637.1-241560 b,26:37.1,-24:16:00.000,136.12
rOph,J162637.1-241560,26:37.1,-24:16:00.000,136.12
rOph,J162637.8-242301,26:37.8,-24:23:01.000,139
rOph,J162637.8-243903,26:37.8,-24:39:03.000,158.16
rOph,J162640.5-242714,26:40.5,-24:27:14.000,139
rOph,J162640.8-243051,26:40.8,-24:30:51.000,139
rOph,J162641.2-244018,26:41.2,-24:40:18.000,139
rOph,J162642.1-243103,26:42.1,-24:31:03.000,139
rOph,J162642.9-242030 b,26:42.9,-24:20:30.000,137.4
rOph,J162642.9-242030,26:42.9,-24:20:30.000,137.4
rOph,J162645.0-242308,26:45.0,-24:23:08.000,110.07
rOph,J162646.4-241160,26:46.4,-24:12:00.000,139
rOph,J162648.5-242839,26:48.5,-24:28:39.000,139
rOph,J162648.5-242839 b,26:48.5,-24:28:39.000,139
rOph,J162648.6-235634,26:48.6,-23:56:34.000,138.7
rOph,J162649.0-243825,26:49.0,-24:38:25.000,132.51
rOph,J162652.0-243039,26:52.0,-24:30:39.000,139
rOph,J162653.5-243236,26:53.5,-24:32:36.000,139
rOph,J162654.3-242438,26:54.3,-24:24:38.000,139
rOph,J162654.4-242621,26:54.4,-24:26:21.000,139
rOph,J162654.8-242702,26:54.8,-24:27:02.000,139
rOph,J162656.3-244120,26:56.3,-24:41:20.000,139
rOph,J162656.8-241351,26:56.8,-24:13:51.000,136.52
rOph,J162657.3-243539,26:57.3,-24:35:39.000,139
rOph,J162658.3-243741,26:58.3,-24:37:41.000,139
rOph,J162658.4-242130,26:58.4,-24:21:30.000,139
rOph,J162658.4-244532,26:58.4,-24:45:32.000,139
rOph,J162658.6-241835,26:58.6,-24:18:35.000,139
rOph,J162658.6-242455,26:58.6,-24:24:55.000,139
rOph,J162659.0-243557,26:59.0,-24:35:57.000,139
rOph,J162703.0-242615,27:03.0,-24:26:15.000,139
rOph,J162703.6-242005,27:03.6,-24:20:05.000,139
rOph,J162704.1-242830,27:04.1,-24:28:30.000,139
rOph,J162704.6-242716,27:04.6,-24:27:16.000,139
rOph,J162705.2-243630,27:05.2,-24:36:30.000,139
rOph,J162705.7-244013,27:05.7,-24:40:13.000,139
rOph,J162706.0-242618,27:06.0,-24:26:18.000,139
rOph,J162706.0-242836,27:06.0,-24:28:36.000,139
rOph,J162706.6-244149,27:06.6,-24:41:49.000,141.58
rOph,J162706.8-243815,27:06.8,-24:38:15.000,139
rOph,J162709.1-241201,27:09.1,-24:12:01.000,143.65
rOph,J162709.1-243408,27:09.1,-24:34:08.000,134.6
rOph,J162709.3-244022,27:09.3,-24:40:22.000,139
rOph,J162711.2-244047,27:11.2,-24:40:47.000,139
rOph,J162711.7-243832,27:11.7,-24:38:32.000,139
rOph,J162712.1-243449,27:12.1,-24:34:49.000,139
rOph,J162713.3-244133,27:13.3,-24:41:33.000,139
rOph,J162713.7-241817,27:13.7,-24:18:17.000,137.2
rOph,J162713.8-244332,27:13.8,-24:43:32.000,140.73
rOph,J162714.5-242646,27:14.5,-24:26:46.000,139
rOph,J162715.1-245139,27:15.1,-24:51:39.000,136.14
rOph,J162715.4-242640,27:15.4,-24:26:40.000,139
rOph,J162715.4-242640 b,27:15.4,-24:26:40.000,139
rOph,J162715.5-243054,27:15.5,-24:30:54.000,139
rOph,J162715.9-242514,27:15.9,-24:25:14.000,139
rOph,J162716.4-243114,27:16.4,-24:31:14.000,139
rOph,J162717.6-240514,27:17.6,-24:05:14.000,138.05
rOph,J162717.6-242856,27:17.6,-24:28:56.000,139
rOph,J162717.6-242856 b,27:17.6,-24:28:56.000,139
rOph,J162717.6-242856 c,27:17.6,-24:28:56.000,139
rOph,J162718.4-243915,27:18.4,-24:39:15.000,139
rOph,J162718.5-242906,27:18.5,-24:29:06.000,139
rOph,J162719.2-242844,27:19.2,-24:28:44.000,139
rOph,J162721.5-244143,27:21.5,-24:41:43.000,139
rOph,J162721.8-242728,27:21.8,-24:27:28.000,139
rOph,J162721.8-242953,27:21.8,-24:29:53.000,139
rOph,J162723.0-244807,27:23.0,-24:48:07.000,136.24
rOph,J162724.6-242935,27:24.6,-24:29:35.000,139
rOph,J162724.6-244103,27:24.6,-24:41:03.000,139
rOph,J162726.2-241923,27:26.2,-24:19:23.000,139
rOph,J162726.3-244246,27:26.3,-24:42:46.000,139
rOph,J162726.6-242554,27:26.6,-24:25:54.000,137.27
rOph,J162727.4-243117,27:27.4,-24:31:17.000,173.99
rOph,J162728.4-242721,27:28.4,-24:27:21.000,139
rOph,J162729.9-243336,27:29.9,-24:33:36.000,139
rOph,J162730.2-242743,27:30.2,-24:27:43.000,139
rOph,J162730.8-242456,27:30.8,-24:24:56.000,141.89
rOph,J162730.9-242733,27:30.9,-24:27:33.000,139
rOph,J162732.1-242943,27:32.1,-24:29:43.000,139
rOph,J162732.6-243323,27:32.6,-24:33:23.000,139
rOph,J162732.7-244500,27:32.7,-24:45:00.000,139
rOph,J162732.8-243235,27:32.8,-24:32:35.000,139
rOph,J162733.1-244115,27:33.1,-24:41:15.000,136.55
rOph,J162736.2-240458,27:36.2,-24:04:58.000,147.26
rOph,J162736.7-235827,27:36.7,-23:58:27.000,155.42
rOph,J162737.2-244238,27:37.2,-24:42:38.000,139
rOph,J162737.4-241755,27:37.4,-24:17:55.000,138.23
rOph,J162738.3-235732,27:38.3,-23:57:32.000,141.11
rOph,J162738.3-243658,27:38.3,-24:36:58.000,139.46
rOph,J162738.6-243839,27:38.6,-24:38:39.000,139.68
rOph,J162738.9-244020,27:38.9,-24:40:20.000,139
rOph,J162739.0-235818,27:39.0,-23:58:18.000,141.55
rOph,J162739.4-243915,27:39.4,-24:39:15.000,135.27
rOph,J162739.8-244315,27:39.8,-24:43:15.000,139
rOph,J162739.8-244315 b,27:39.8,-24:43:15.000,139
rOph,J162740.1-242636,27:40.1,-24:26:36.000,139
rOph,J162740.3-242204 b,27:40.3,-24:22:04.000,131.94
rOph,J162740.3-242204,27:40.3,-24:22:04.000,131.94
rOph,J162741.5-243538,27:41.5,-24:35:38.000,139
rOph,J162741.6-244645,27:41.6,-24:46:45.000,139
rOph,J162741.7-244336,27:41.7,-24:43:36.000,139
rOph,J162741.8-244235,27:41.8,-24:42:35.000,139
rOph,J162742.7-243851,27:42.7,-24:38:51.000,143.86
rOph,J162743.8-244308,27:43.8,-24:43:08.000,139
rOph,J162745.0-240628,27:45.0,-24:06:28.000,136.63
rOph,J162745.8-244454,27:45.8,-24:44:54.000,139
rOph,J162746.3-243141,27:46.3,-24:31:41.000,144.59
rOph,J162747.1-244535,27:47.1,-24:45:35.000,139
rOph,J162748.2-244225,27:48.2,-24:42:25.000,139
rOph,J162749.3-242452,27:49.3,-24:24:52.000,139
rOph,J162749.8-242522,27:49.8,-24:25:22.000,156.96
rOph,J162751.8-243145,27:51.8,-24:31:45.000,139
rOph,J162755.2-240215,27:55.2,-24:02:15.000,150.26
rOph,J162755.2-242839,27:55.2,-24:28:39.000,139
rOph,J162755.6-242618,27:55.6,-24:26:18.000,131.65
rOph,J162758.9-243515,27:58.9,-24:35:15.000,139
rOph,J162802.6-235504,28:02.6,-23:55:04.000,141.64
rOph,J162804.5-243448,28:04.5,-24:34:48.000,139
rOph,J162804.8-243710,28:04.8,-24:37:10.000,187.58
rOph,J162804.8-245035,28:04.8,-24:50:35.000,162.68
rOph,J162812.7-241136,28:12.7,-24:11:36.000,138.73
rOph,J162813.7-243139,28:13.7,-24:31:39.000,139
rOph,J162813.8-243249,28:13.8,-24:32:49.000,141.16
rOph,J162816.5-243658,28:16.5,-24:36:58.000,134.98
rOph,J162816.7-240514,28:16.7,-24:05:14.000,138.12
rOph,J162817.7-241705,28:17.7,-24:17:05.000,127.12
rOph,J162821.5-242155,28:21.5,-24:21:55.000,139.21
rOph,J162821.7-244247,28:21.7,-24:42:47.000,139
rOph,J162823.3-242241,28:23.3,-24:22:41.000,146.81
rOph,J162832.7-242245,28:32.7,-24:22:45.000,138.09
rOph,J162845.3-242819 b,28:45.3,-24:28:19.000,139
rOph,J162845.3-242819,28:45.3,-24:28:19.000,139
rOph,J162847.0-242814,28:47.0,-24:28:14.000,132.19
rOph,J162848.7-242632,28:48.7,-24:26:32.000,149.32
rOph,J162854.1-244744,28:54.1,-24:47:44.000,136.46
rOph,J162856.0-233107,28:56.0,-23:31:07.000,143.46
rOph,J162856.9-243110,28:56.9,-24:31:10.000,143.35
rOph,J162857.9-244055,28:57.9,-24:40:55.000,139
rOph,J162903.2-242749,29:03.2,-24:27:49.000,140.9
rOph,J162908.2-241547,29:08.2,-24:15:47.000,140.69
rOph,J162935.1-243610,29:35.1,-24:36:10.000,139
rOph,J162944.3-244122,29:44.3,-24:41:22.000,139
rOph,J162948.3-233103,29:48.3,-23:31:03.000,133.49
rOph,J162954.6-245846,29:54.6,-24:58:46.000,132.24
rOph,J163019.8-240256,30:19.8,-24:02:56.000,148.66
rOph,J163020.0-233108,30:20.0,-23:31:08.000,141.41
rOph,J163023.4-245416,30:23.4,-24:54:16.000,141.13
rOph,J163026.7-235909,30:26.7,-23:59:09.000,134.88
rOph,J163033.9-242806,30:33.9,-24:28:06.000,146.61
rOph,J163053.5-242454,30:53.5,-24:24:54.000,148.33
rOph,J163102.4-240843,31:02.4,-24:08:43.000,132.53
rOph,J163105.2-240440,31:05.2,-24:04:40.000,130.8
rOph,J163115.7-243402,31:15.7,-24:34:02.000,139
rOph,J163129.2-240431,31:29.2,-24:04:31.000,133.56
rOph,J163130.9-242440 b,31:30.9,-24:24:40.000,139
rOph,J163130.9-242440,31:30.9,-24:24:40.000,139
rOph,J163131.2-242628,31:31.2,-24:26:28.000,139
rOph,J163133.4-242737,31:33.4,-24:27:37.000,146.32
rOph,J163133.8-240446,31:33.8,-24:04:46.000,136.75
rOph,J163134.1-240060,31:34.1,-24:01:00.000,139
rOph,J163134.3-240325,31:34.3,-24:03:25.000,123.42
rOph,J163135.6-240129,31:35.6,-24:01:29.000,139
rOph,J163136.8-240420,31:36.8,-24:04:20.000,139
rOph,J163143.8-245525,31:43.8,-24:55:25.000,150.16
rOph,J163144.6-240213,31:44.6,-24:02:13.000,132.04
rOph,J163145.4-244307,31:45.4,-24:43:07.000,144.07
rOph,J163145.8-243909,31:45.8,-24:39:09.000,150.95
rOph,J163148.9-245429,31:48.9,-24:54:29.000,139
rOph,J163152.1-245616,31:52.1,-24:56:16.000,152.98
rOph,J163152.1-245616 b,31:52.1,-24:56:16.000,152.98
rOph,J163152.5-245536,31:52.5,-24:55:36.000,139
rOph,J163153.4-245505,31:53.4,-24:55:05.000,139
rOph,J163154.4-250349,31:54.4,-25:03:49.000,143.31
rOph,J163154.7-250324,31:54.7,-25:03:24.000,139
rOph,J163159.3-245441,31:59.3,-24:54:41.000,148.33
rOph,J163205.5-250236,32:05.5,-25:02:36.000,148.27
rOph,J163211.8-244021,32:11.8,-24:40:21.000,139
rOph,J163221.0-243036,32:21.0,-24:30:36.000,153.58
rOph,J163221.9-244215,32:21.9,-24:42:15.000,142.26
rOph,J163227.9-252502,32:27.9,-25:25:02.000,148.69
rOph,J163355.6-244205,33:55.6,-24:42:05.000,143.84
rOph,J163524.3-243359,35:24.3,-24:33:59.000,139
rOph,J163945.4-240204,39:45.4,-24:02:04.000,139
rOph,J163952.9-241931,39:52.9,-24:19:31.000,139
rOph,J164424.3-240125,44:24.3,-24:01:25.000,139
rOph,J164526.7-240305,45:26.7,-24:03:05.000,139
ChamII,IRAS 12416-7703,45:06.4,-77:20:13.520,197
ChamII,IRAS12496-7650,53:17.2,-77:07:10.630,197
ChamII,IRAS12500-7658,53:42.8,-77:15:11.590,197
ChamII,Sz 46,56:33.6,-76:45:45.180,194.49
ChamII,IRAS12535-7623,57:11.6,-76:40:11.140,197
ChamII,SSTc2d J125758.7-770120,57:58.7,-77:01:19.500,197
ChamII,ISO-CHAII 13,58:06.7,-77:09:09.220,197
ChamII,C41,59:09.9,-76:51:03.490,190.85
ChamII,Sz 48NE,00:53.1,-77:09:09.180,201.35
ChamII,Sz 49,00:53.3,-76:54:14.980,194.36
ChamII,Sz 48SW,00:53.6,-77:09:08.280,192.16
ChamII,Sz 50,00:55.3,-77:10:22.010,197
ChamII,J130059.3-771403,00:59.2,-77:14:02.800,200.18
ChamII,Sz 51,01:58.9,-77:51:21.740,197.37
ChamII,CM Cha,02:13.5,-76:37:57.680,191.89
ChamII,J13022287-7734494,02:22.8,-77:34:49.510,203.38
ChamII,Hn 22,04:22.8,-76:50:05.860,198.5
ChamII,Hn 23,04:24.1,-76:50:01.390,196.74
ChamII,Sz 52,04:24.8,-77:52:30.110,201.09
ChamII,Hn 24,04:55.7,-77:39:49.210,196.68
ChamII,Hn 25,05:08.5,-77:33:42.660,196.16
ChamII,Sz 53,05:12.7,-77:30:52.560,194.95
ChamII,Sz 54,05:20.8,-77:39:01.480,195.63
ChamII,J130521.7-773810,05:21.7,-77:38:10.140,192.2
ChamII,J130529.0-774140,05:29.0,-77:41:40.060,197
ChamII,SSTc2d J130540.8-773958,05:40.8,-77:39:58.200,197
ChamII,Sz 55,06:30.5,-77:34:00.120,194.7
ChamII,Sz 56,06:38.7,-77:30:35.390,193.09
ChamII,Sz 57,06:56.6,-77:23:09.460,197
ChamII,Sz 58,06:57.4,-77:23:41.460,197
ChamII,Sz 59,07:09.2,-77:30:30.240,197
ChamII,J13071806-7740529,07:18.0,-77:40:53.000,202.72
ChamII,Sz 60E,07:23.3,-77:37:23.200,198.53
ChamII,Hn 26,07:48.5,-77:41:21.730,197.77
ChamII,Sz 61,08:06.3,-77:55:05.050,194.54
ChamII,J13082714-7743232,08:27.2,-77:43:23.410,205.35
ChamII,IRAS F13052-7653NW,09:09.8,-77:09:43.520,196.65
ChamII,IRAS F13052-7653N,09:11.0,-77:09:44.140,197
ChamII,Sz 62,09:50.4,-77:57:23.940,197
ChamII,Sz 63,10:04.1,-77:10:44.620,200.84
ChamII,Sz 64,14:03.8,-77:53:07.480,193.6
Taurus,IRAS 04108+2910,13:57.4,=+29:18:19.330,119.68
Taurus,J04141188+2811535,14:11.9,=+28:11:53.510,131.2
Taurus,FM Tau,14:13.6,=+28:12:49.240,132.01
Taurus,FN Tau,14:14.6,=+28:27:58.060,129.89
Taurus,CW Tau,14:17.0,=+28:10:57.840,131.55
Taurus,CIDA 1,14:17.6,=+28:06:09.700,134.62
Taurus,MHO 1,14:26.3,=+28:06:03.250,133.95
Taurus,MHO 2 AB,14:26.4,=+28:05:59.720,131.03
Taurus,MHO 3 AB,14:30.5,=+28:05:14.730,141
Taurus,FP Tau,14:47.3,=+26:46:26.440,127.48
Taurus,CX Tau,14:47.9,=+26:48:11.010,126.73
Taurus,FO Tau A,14:49.3,=+28:12:30.600,141
Taurus,FO Tau B,14:49.3,=+28:12:30.600,141
Taurus,J04153916+2818586,15:39.2,=+28:18:58.620,132.64
Taurus,IRAS 04125+2902,15:42.8,=+29:09:59.770,160.07
Taurus,J04155799+2746175,15:58.0,=+27:46:17.570,133.16
Taurus,J04161210+2756385,16:12.1,=+27:56:38.580,134.66
Taurus,J04163911+2858491,16:39.1,=+28:58:49.140,141
Taurus,CY Tau,17:33.7,=+28:20:46.850,126.33
Taurus,KPNO 10,17:49.6,=+28:13:31.850,135.81
Taurus,V410 X-ray 1,17:49.7,=+28:29:36.270,130.98
Taurus,V409 Tau,18:10.8,=+25:19:57.390,129.67
Taurus,V410 Anon 13,18:17.1,=+28:28:41.920,127.39
Taurus,DD Tau A,18:31.1,=+28:16:29.020,126.7
Taurus,DD Tau B,18:31.1,=+28:16:29.020,126.7
Taurus,CZ Tau A,18:31.6,=+28:16:58.530,141
Taurus,CZ Tau B,18:31.6,=+28:16:58.530,141
Taurus,V410 X-ray 2,18:34.4,=+28:30:30.230,141
Taurus,V892 Tau AB,18:40.6,=+28:19:15.510,141
Taurus,LR 1,18:41.3,=+28:27:25.010,141
Taurus,V410 X-ray 7 AB,18:42.5,=+28:18:49.850,134.56
Taurus,V410 X-ray 6,19:01.1,=+28:19:42.050,128.2
Taurus,KPNO 12,19:01.3,=+28:02:48.700,141
Taurus,FQ Tau A,19:12.8,=+28:29:33.100,141
Taurus,FQ Tau B,19:12.8,=+28:29:33.100,141
Taurus,BP Tau,19:15.8,=+29:06:26.893,141
Taurus,V819 Tau,19:26.3,=+28:26:14.300,129.3
Taurus,FR Tau,19:35.5,=+28:27:21.810,126.48
Taurus,J04201611+2821325,20:16.1,=+28:21:32.550,131.29
Taurus,J04202144+2813491,20:21.4,=+28:13:49.170,141
Taurus,J04202555+2700355,20:25.6,=+27:00:35.550,165.67
Taurus,IRAS 04173+2812,20:25.8,=+28:19:23.750,141.83
Taurus,J04202606+2804089,20:26.1,=+28:04:08.950,128.02
Taurus,J04210795+2702204,21:08.0,=+27:02:20.420,141
Taurus,J04210934+2750368,21:09.3,=+27:50:36.840,130.26
Taurus,J04213459+2701388,21:34.6,=+27:01:38.850,164.4
Taurus,IRAS 04187+1927,21:43.2,=+19:34:13.340,147.16
Taurus,J04214631+2659296,21:46.3,=+26:59:29.610,163.03
Taurus,DE Tau,21:55.6,=+27:55:06.060,128.02
Taurus,RY Tau,21:57.4,=+28:26:35.571,141
Taurus,T Tau N,21:59.4,=+19:32:06.480,141
Taurus,FS Tau A,22:02.2,=+26:57:30.500,133.88
Taurus,FS Tau B,22:02.2,=+26:57:30.500,133.88
Taurus,J04221675+2654570,22:16.8,=+26:54:57.080,158.28
Taurus,IRAS 04196+2638,22:47.9,=+26:45:53.050,155.16
Taurus,J04230607+2801194,23:06.1,=+28:01:19.500,129.56
Taurus,IRAS 04200+2759,23:07.8,=+28:05:57.340,131.61
Taurus,J04231822+2641156,23:18.2,=+26:41:15.600,141
Taurus,FU Tau A,23:35.4,=+25:03:03.050,127.63
Taurus,FU Tau B,23:35.7,=+25:02:59.633,133.78
Taurus,FT Tau,23:39.2,=+24:56:14.110,130.19
Taurus,J04242090+2630511,24:20.9,=+26:30:51.200,128.42
Taurus,J04242646+2649503,24:26.5,=+26:49:50.360,157.87
Taurus,IRAS 04216+2603,24:44.6,=+26:10:14.110,159.22
Taurus,IP Tau,24:57.1,=+27:11:56.500,129.38
Taurus,KPNO 3,26:29.4,=+26:24:13.790,157.35
Taurus,FV Tau A,26:53.5,=+26:06:54.370,141
Taurus,FV Tau B,26:53.5,=+26:06:54.370,141
Taurus,FV Tau/c A,26:54.4,=+26:06:51.000,141
Taurus,FV Tau/c B,26:54.4,=+26:06:51.000,141
Taurus,KPNO 13,26:57.3,=+26:06:28.410,130.5
Taurus,DF Tau AB,27:02.8,=+25:42:22.396,141
Taurus,DG Tau,27:04.7,=+26:06:16.310,141
Taurus,J04284263+2714039 A,28:42.6,=+27:14:03.910,128.69
Taurus,J04284263+2714039 B,28:42.6,=+27:14:03.910,128.69
Taurus,J04290068+2755033,29:00.7,=+27:55:03.400,134.42
Taurus,IRAS 04260+2642,29:05.0,=+26:49:07.300,141
Taurus,IRAS 04263+2654,29:21.7,=+27:01:25.950,141
Taurus,XEST 13-010,29:36.1,=+24:35:55.650,131.09
Taurus,DH Tau A,29:41.6,=+26:32:58.270,133.45
Taurus,DH Tau B,29:41.7,=+26:32:56.508,141
Taurus,IQ Tau,29:51.6,=+26:06:44.900,141
Taurus,J04295950+2433078,29:59.5,=+24:33:07.850,131.77
Taurus,UX Tau A,30:04.0,=+18:13:49.388,142.23
Taurus,KPNO 6,30:07.2,=+26:08:20.790,122.72
Taurus,FX Tau A,30:29.6,=+24:26:45.050,141
Taurus,FX Tau B,30:29.6,=+24:26:45.050,141
Taurus,DK Tau A,30:44.3,=+26:01:24.470,141
Taurus,DK Tau B,30:44.4,=+26:01:23.800,141
Taurus,ZZ Tau AB,30:51.4,=+24:42:22.270,141
Taurus,ZZ Tau IRS,30:51.7,=+24:41:47.510,141
Taurus,KPNO 7,30:57.2,=+25:56:39.480,127.84
Taurus,JH 56,31:14.4,=+27:10:17.990,127.01
Taurus,XZ Tau A,31:40.1,=+18:13:57.180,141
Taurus,XZ Tau B,31:40.1,=+18:13:57.180,141
Taurus,HK Tau A,31:50.5,=+24:24:18.600,131.15
Taurus,HK Tau B,31:50.6,=+24:24:16.400,141
Taurus,V710 Tau A,31:57.8,=+18:21:35.060,146.54
Taurus,LkHalpha 267,31:59.0,=+18:21:42.000,141
Taurus,Haro 6-13,32:15.4,=+24:28:59.750,141
Taurus,MHO 5,32:16.1,=+18:12:46.450,148.51
Taurus,MHO 6,32:22.1,=+18:27:42.640,145.62
Taurus,J04322415+2251083,32:24.2,=+22:51:08.400,160.04
Taurus,GG Tau Aa,32:30.3,=+17:31:41.000,141
Taurus,GG Tau Ba,32:30.3,=+17:31:30.900,145.48
Taurus,GG Tau Bb,32:30.3,=+17:31:29.900,145.48
Taurus,FY Tau,32:30.6,=+24:19:57.280,129.52
Taurus,FZ Tau,32:31.8,=+24:20:03.000,129.25
Taurus,UZ Tau Wa,32:42.8,=+25:52:31.600,141
Taurus,UZ Tau Wb,32:42.8,=+25:52:31.600,141
Taurus,UZ Tau Eab,32:43.0,=+25:52:31.130,141
Taurus,JH 112 Aa,32:49.1,=+22:53:02.800,162.55
Taurus,JH 112 Ba,32:49.4,=+22:53:08.220,141
Taurus,J04324938+2253082,32:49.4,=+22:53:08.220,141
Taurus,GH Tau A,33:06.2,=+24:09:33.990,141
Taurus,GH Tau B,33:06.2,=+24:09:33.990,141
Taurus,V807 Tau A,33:06.6,=+24:09:55.000,141
Taurus,J04330945+2246487,33:09.5,=+22:46:48.700,176.34
Taurus,IRAS 04301+2608,33:14.4,=+26:14:23.500,172.78
Taurus,IRAS 04303+2240,33:19.1,=+22:46:34.230,141
Taurus,J04333278+1800436,33:32.8,=+18:00:43.650,146.16
Taurus,GI Tau,33:34.1,=+24:21:17.040,129.44
Taurus,GK Tau,33:34.6,=+24:21:05.850,129.14
Taurus,IS Tau A,33:36.8,=+26:09:49.220,141
Taurus,IS Tau B,33:36.8,=+26:09:49.220,141
Taurus,DL Tau,33:39.1,=+25:20:38.230,159.94
Taurus,J04333905+2227207,33:39.1,=+22:27:20.790,141
Taurus,HN Tau A,33:39.4,=+17:51:52.370,141
Taurus,HN Tau B,33:39.2,=+17:51:49.860,153.19
Taurus,J04334171+1750402,33:41.7,=+17:50:40.230,144.86
Taurus,J04334465+2615005,33:44.7,=+26:15:00.530,161.81
Taurus,DM Tau,33:48.7,=+18:10:09.990,144.05
Taurus,CI Tau,33:52.0,=+22:50:30.180,160.32
Taurus,IT Tau A,33:54.7,=+26:13:27.520,160.4
Taurus,IT Tau B,33:54.6,=+26:13:25.600,170.53
Taurus,AA Tau,34:55.4,=+24:28:53.160,141
Taurus,HO Tau,35:20.2,=+22:32:14.600,164.48
Taurus,DN Tau,35:27.4,=+24:14:58.930,128.6
Taurus,CoKu Tau/3 A,35:40.9,=+24:11:08.760,127.01
Taurus,CoKu Tau/3 B,35:40.9,=+24:11:08.760,127.01
Taurus,HQ Tau,35:47.3,=+22:50:21.700,141
Taurus,HP Tau,35:52.8,=+22:54:23.110,141
Taurus,Haro 6-28 A,35:56.8,=+22:54:36.020,141
Taurus,Haro 6-28 B,35:56.8,=+22:54:36.020,141
Taurus,J04362151+2351165,36:21.5,=+23:51:16.600,114.5
Taurus,ITG 1,37:56.7,=+25:46:22.900,141
Taurus,J04381486+2611399,38:14.9,=+26:11:39.940,140.26
Taurus,GM Tau,38:21.3,=+26:09:13.740,139.37
Taurus,DO Tau,38:28.6,=+26:10:49.440,141
Taurus,HV Tau C,38:35.5,=+26:10:41.500,141
Taurus,J04385859+2336351,38:58.6,=+23:36:35.200,126.65
Taurus,J04390163+2336029,39:01.6,=+23:36:03.000,126.76
Taurus,J04390396+2544264,39:04.0,=+25:44:26.420,140.97
Taurus,VY Tau A,39:17.4,=+22:47:53.400,141
Taurus,VY Tau B,39:17.4,=+22:47:53.400,141
Taurus,LkCa 15,39:17.8,=+22:21:03.480,157.19
Taurus,GN Tau A,39:20.9,=+25:45:02.110,141
Taurus,GN Tau B,39:20.9,=+25:45:02.110,141
Taurus,J04393364+2359212,39:33.6,=+23:59:21.200,127.11
Taurus,ITG 15,39:44.9,=+26:01:52.790,139.68
Taurus,CFHT 4,39:47.5,=+26:01:40.780,140.41
Taurus,J04400067+2358211,40:00.7,=+23:58:21.200,126.35
Taurus,IRAS 04370+2559,40:08.0,=+26:05:25.380,137.36
Taurus,J04403979+2519061 AB,40:39.8,=+25:19:06.120,141
Taurus,JH 223 A,40:49.5,=+25:51:19.180,141.51
Taurus,JH 223 B,40:49.5,=+25:51:19.180,141.51
Taurus,ITG 33A,41:08.3,=+25:56:07.480,146.99
Taurus,ITG 34,41:10.8,=+25:55:11.650,151.63
Taurus,CoKu Tau/4 AB,41:16.8,=+28:40:00.070,141
Taurus,ITG 40,41:24.6,=+25:43:53.000,141
Taurus,IRAS 04385+2550,41:38.8,=+25:56:26.750,141
Taurus,J04414489+2301513,41:44.9,=+23:01:51.390,122.22
Taurus,J04414825+2534304,41:48.2,=+25:34:30.500,136.98
Taurus,V955 Tau A,42:07.8,=+25:23:11.800,141
Taurus,V955 Tau B,42:07.8,=+25:23:11.800,141
Taurus,CIDA 7,42:21.0,=+25:20:34.380,140.68
Taurus,DP Tau A,42:37.7,=+25:15:37.460,141
Taurus,DP Tau B,42:37.7,=+25:15:37.460,141
Taurus,GO Tau,43:03.1,=+25:20:18.750,142.38
Taurus,CIDA 14,43:20.2,=+29:40:06.050,166.12
Taurus,IRAS 04414+2506,44:27.1,=+25:12:16.410,143.15
Taurus,IRAS 04429+1550,45:51.3,=+15:55:36.730,141
Taurus,DQ Tau AB,46:53.1,=+17:00:00.100,195.38
Taurus,Haro 6-37 A,46:59.0,=+17:02:37.850,141
Taurus,Haro 6-37 B,46:59.0,=+17:02:37.850,141
Taurus,Haro 6-37 C,46:59.1,=+17:02:39.670,195.43
Taurus,DR Tau,47:06.2,=+16:58:42.810,141
Taurus,DS Tau,47:48.6,=+29:25:11.460,158.35
Taurus,UY Aur A,51:47.4,=+30:47:13.460,141
Taurus,UY Aur B,51:47.4,=+30:47:13.460,141
Taurus,St 34 AB,54:23.7,=+17:09:53.470,143.62
Taurus,St 34 C,54:23.6,=+17:09:43.500,141
Taurus,GM Aur,55:11.0,=+30:21:59.540,141
Taurus,J04554535+3019389,55:45.3,=+30:19:38.920,157.2
Taurus,AB Aur,55:45.8,=+30:33:04.287,155.94
Taurus,J04554801+3028050,55:48.0,=+30:28:05.000,160.22
Taurus,J04554969+3019400,55:49.7,=+30:19:40.040,163.13
Taurus,XEST 26-062,55:56.1,=+30:36:20.960,141
Taurus,SU Aur,55:59.4,=+30:34:01.519,156.99
Taurus,XEST 26-071,56:01.2,=+30:26:34.830,141
Taurus,MWC 480,58:46.3,=+29:50:36.975,156.22
Taurus,V836 Tau,03:06.6,=+25:23:19.710,167
Taurus,CIDA 8,04:41.4,=+25:09:54.400,169
Taurus,CIDA 9 A,05:22.9,=+25:31:31.230,141
Taurus,CIDA 9 B,05:22.9,=+25:31:31.230,141
Taurus,CIDA 11,06:23.3,=+24:32:19.950,141
Taurus,CIDA 11 B,06:23.3,=+24:32:19.950,141
Taurus,RW Aur A,07:49.6,=+30:24:05.177,141
Taurus,RW Aur B,07:49.5,=+30:24:04.810,156.1
Taurus,CIDA 12,07:55.0,=+25:00:15.610,169.95
Taurus,J04263055+2443558,26:30.6,=+24:43:55.836,123.31
Taurus,V710 Tau B,31:57.8,=+18:21:37.948,145.95
Taurus,V807 Tau Bab,33:06.6,=+24:09:55.044,141
Taurus,J04361030+2159364,36:10.3,=+21:59:36.476,115.91
Taurus,JH 112 Ab,32:49.1,=+22:53:02.847,162.55
Taurus,JH 112 Bb,32:49.4,=+22:53:08.220,141
Taurus,GG Tau Ab,32:30.3,=+17:31:41.000,141
CrA,CrA-1,56:39.8,-37:07:20.800,150.06
CrA,CrA-3,59:43.9,-37:04:01.100,156
CrA,CrA-4,59:51.0,-37:06:31.600,157.28
CrA,CrA-6,00:29.1,-36:56:03.800,156
CrA,CrA-8,00:45.3,-37:11:48.200,162.78
CrA,CrA-9,00:58.1,-36:45:05.000,156.36
CrA,CrA-10,00:59.7,-36:47:11.200,151.78
CrA,CrA-12,01:16.3,-36:56:28.300,153.42
CrA,CrA-13,01:19.0,-36:58:28.400,151.34
CrA,CrA-15,01:32.3,-36:58:03.000,156
CrA,CrA-16,01:33.8,-36:57:44.900,156
CrA,CrA-18,01:40.4,-36:51:42.300,180
CrA,CrA-21,01:51.1,-36:54:12.400,156
CrA,CrA-22,01:51.9,-37:10:44.700,155.49
CrA,CrA-23,01:53.8,-37:00:33.900,159.26
CrA,CrA-26,02:06.8,-36:58:41.000,219.03
CrA,CrA-28,02:12.0,-37:03:09.400,155.96
CrA,CrA-29,02:14.6,-37:00:32.900,156
CrA,CrA-30,02:27.1,-36:58:13.100,156
CrA,CrA-31,02:33.1,-36:58:21.200,156
CrA,CrA-33,03:01.0,-37:07:53.400,156
CrA,CrA-35,03:11.8,-37:09:02.100,156
CrA,CrA-36,03:24.3,-37:15:07.700,156
CrA,CrA-40,01:25.8,-36:59:19.100,156
CrA,CrA-41,01:41.6,-36:59:52.700,155.38
CrA,CrA-42,01:50.5,-36:56:38.400,156
CrA,CrA-45 E,03:16.1,-37:14:08.200,156
CrA,CrA-46,55:56.3,-37:00:07.100,156
CrA,CrA-47,56:40.3,-36:55:20.800,146.85
CrA,CrA-48,57:07.9,-36:54:04.400,152.03
CrA,CrA-52,00:01.6,-36:37:06.200,154.08
CrA,CrA-53,01:11.5,-36:45:33.800,153.11
CrA,CrA-54,01:39.2,-36:53:29.400,156.27
CrA,CrA-55,01:55.2,-37:23:41.000,156
CrA,CrA-56,02:16.7,-36:45:49.400,154.92
CrA,CrA-57,03:25.5,-36:55:05.300,157.59
CrA,S CrA N,01:08.6,-36:57:20.300,156
CrA,T CrA,01:58.8,-36:57:49.900,156
CrA,TY CrA,01:40.8,-36:52:33.800,156
CrA,IRS 10,02:04.1,-36:57:01.200,156
CrA,Halpha 15,04:17.3,-36:59:03.200,156
CrA,ISO-CrA 177,02:54.6,-36:46:19.200,156
CrA,Haas 4,01:40.7,-36:56:04.900,156
CrA,Haas 17,01:51.7,-36:55:14.200,156
CrA,LS-RCrA 1,01:33.6,-37:00:30.300,154.79
CrA,G09 CrA-9,01:58.3,-37:01:06.000,156
CrA,S CrA S,01:08.6,-36:57:20.300,156
CrA,CrA-45 W,03:16.1,-37:14:08.200,156
